source,title,text,url,date,keywords,processed_text
BBC,"Breaking News, World News, US News, Sports, Business, Innovation, Climate, Culture, Travel, Video & Audio","The left-wing outsider trying to stop Cuomo comeback as NYC mayor

Nine democrats are vying for the job, in a race that could have implications for the party nationally as it tries to take on Trump.",https://www.bbc.com/,2025-06-24 18:47:05.852416,[],leftwing outsider trying stop cuomo comeback nyc mayor nine democrat vying job race could implication party nationally try take trump
BBC,"Breaking News, World News, US News, Sports, Business, Innovation, Climate, Culture, Travel, Video & Audio","The left-wing outsider trying to stop Cuomo comeback as NYC mayor

Nine democrats are vying for the job, in a race that could have implications for the party nationally as it tries to take on Trump.",https://www.bbc.com/,2025-06-24 18:47:08.383332,[],leftwing outsider trying stop cuomo comeback nyc mayor nine democrat vying job race could implication party nationally try take trump
BBC,"Scores, Fixtures, News","As Tommy Fleetwood continues to wrestle with how to get over the winning line on the PGA Tour, American golf is trying to fathom how having a playing captain might work at this year's Ryder Cup, writes Iain Carter.",https://www.bbc.com/sport,2025-06-24 18:47:11.052530,[],tommy fleetwood continues wrestle get winning line pga tour american golf trying fathom playing captain might work year ryder cup writes iain carter
BBC,World class video news and storytelling from around the world.,"Would you eat a meal dreamed up by a computer?

AI v The Mind: We explore the world of food and ask if human expertise is the only way to deliver great flavour.",https://www.bbc.com/video,2025-06-24 18:47:14.227300,[],would eat meal dreamed computer ai v mind explore world food ask human expertise way deliver great flavour
BBC,Israel-Iran ceasefire: What we know about the deal,"What we know about the Iran-Israel ceasefire

4 hours ago Share Save Emily Atkinson & Anna Lamche BBC News Share Save

EPA-EFE/Shutterstock

Donald Trump has warned Israel against launching further attacks on Iran, hours after he said a ceasefire between the two sides had taken effect. The US president used an expletive as he criticised both sides, after each accused the other of breaking the US and Qatar-brokered truce. It came after Israel said Iran had violated the deal and vowed to respond with ""powerful strikes"". Iran denied firing any missiles towards Israel and the country's top security body has vowed to respond to any further Israeli aggression. Here's what we know so far. Follow the latest updates on our live page

When did the ceasefire take effect?

Just after 05:00 GMT on Tuesday, Trump announced that the ceasefire had taken effect. ""Please do not violate it!"" he urged both sides in a post on his Truth Social platform. The Israeli government said it had agreed to the US ceasefire proposal just after 06:00 GMT on Tuesday, after Iran indicated that it would stop attacking if Israel did the same. However, hours later, Israel accused Iran of launching further attacks on its territory. Trump first said that a truce had been ""fully agreed"" in a post shortly after 22:00 GMT on Monday, which he said would bring an end to what he called ""the 12 day war"". It came after Iran launched missiles at a US base in Qatar on Monday, in what it said was a retaliation for American strikes against its nuclear sites over the weekend.

What has Trump said?

In a post on Truth Social, Trump urged Israel - ""do not drop those bombs"" on Iran. Speaking to reporters outside the White House shortly afterwards, Trump said he was ""not happy"" with Israel. ""There was one rocket that I guess was fired overboard after the time limit and now Israel is going out. These guys [have] got to calm down,"" he said. In an angry outburst he said the two countries didn't know what they were doing. In a later post, he said: ""The ceasefire is in effect.""

How have Iran and Israel responded?

Two hours after Israel said it had agreed to the truce, the Israel Defense Forces (IDF) said it had identified missiles launched from Iran. Katz accused Iran of a ""complete violation"" of the terms, adding that he had instructed the military to ""continue the intense activity of attacking Tehran to thwart regime targets and terrorist infrastructures"". The Iranian military denied it had fired missiles after the ceasefire had taken effect. Later, Iran's Islamic Revolutionary Guard Corps (IRGC) said that ""in the final moments before the ceasefire was imposed on the enemy"", it had struck ""military and logistical centres"" in Israel. The IRGC-affiliated Tasnim news agency reported Israel had launched ""a three-phase"" military strike on its territory after the ceasefire. Iran's Supreme National Security Council earlier said Israeli attacks would be ""met with a decisive, firm, and timely response by Iran"".

Has the ceasefire been broken?

The Israeli prime minister's office accused Iran of launching missiles toward its territory after the truce came into force on Tuesday, which Iran has denied. It added that the Israeli military responded by striking a ""radar array near Tehran"". Before the truce began, Iran and Israel exchanged heavy fire. The IDF said several rounds of strikes hit the country on Monday night into Tuesday. Rescue workers said four people were killed and 22 injured in the town of Beersheba. At the time, Iranian state media said Iran had launched ""a last round of missiles"" against Israel. Overnight, Iranian state TV reported that the capital, Tehran, endured some of its most intense air defence clashes since the war broke out on 13 June, and residents told BBC Persian they heard loud explosions. The IDF said it struck and destroyed missile launchers in western Iran that it said were ""ready to be fired at Israeli territory"". Tehran said another nuclear scientist was killed before the agreement took force.

Why did Israel attack Iran?

Israel attacked nuclear and military sites in Iran on Friday 13 June, claiming Iran was close to building a nuclear weapon. Israel said it had no choice but to bomb Iran after diplomatic talks aimed at curbing the country's nuclear programme stalled. The Israeli offensive took place amid growing international concern that Iran has increased its production of enriched uranium - a key component in the making of nuclear weapons. However, there is no international consensus on how close Iran has come to building its own nuclear weapons. In the following days, Israel targeted Iranian infrastructure it said could be used for ""nuclear weapons development"". The US later joined the strikes, dropping its so-called bunker buster bombs on the Fordo site, a nuclear enrichment facility buried deep below a mountain outside Tehran. In an update on Tuesday, a spokesman for Iran's health ministry said 610 people had been killed and 4,746 injured in Israeli strikes since the conflict began. According to Israel's health ministry, four people were killed on Tuesday, bringing the death toll since 13 June to 28.

What are Iran's nuclear capabilities?",https://www.bbc.com/news/articles/czjk3kxr3zno,2025-06-24 18:47:17.394051,[],know iranisrael ceasefire hour ago share save emily atkinson anna lamche bbc news share save epaefeshutterstock donald trump warned israel launching attack iran hour said ceasefire two side taken effect u president used expletive criticised side accused breaking u qatarbrokered truce came israel said iran violated deal vowed respond powerful strike iran denied firing missile towards israel country top security body vowed respond israeli aggression here know far follow latest update live page ceasefire take effect gmt tuesday trump announced ceasefire taken effect please violate urged side post truth social platform israeli government said agreed u ceasefire proposal gmt tuesday iran indicated would stop attacking israel however hour later israel accused iran launching attack territory trump first said truce fully agreed post shortly gmt monday said would bring end called day war came iran launched missile u base qatar monday said retaliation american strike nuclear site weekend trump said post truth social trump urged israel drop bomb iran speaking reporter outside white house shortly afterwards trump said happy israel one rocket guess fired overboard time limit israel going guy got calm said angry outburst said two country didnt know later post said ceasefire effect iran israel responded two hour israel said agreed truce israel defense force idf said identified missile launched iran katz accused iran complete violation term adding instructed military continue intense activity attacking tehran thwart regime target terrorist infrastructure iranian military denied fired missile ceasefire taken effect later iran islamic revolutionary guard corp irgc said final moment ceasefire imposed enemy struck military logistical centre israel irgcaffiliated tasnim news agency reported israel launched threephase military strike territory ceasefire iran supreme national security council earlier said israeli attack would met decisive firm timely response iran ceasefire broken israeli prime minister office accused iran launching missile toward territory truce came force tuesday iran denied added israeli military responded striking radar array near tehran truce began iran israel exchanged heavy fire idf said several round strike hit country monday night tuesday rescue worker said four people killed injured town beersheba time iranian state medium said iran launched last round missile israel overnight iranian state tv reported capital tehran endured intense air defence clash since war broke june resident told bbc persian heard loud explosion idf said struck destroyed missile launcher western iran said ready fired israeli territory tehran said another nuclear scientist killed agreement took force israel attack iran israel attacked nuclear military site iran friday june claiming iran close building nuclear weapon israel said choice bomb iran diplomatic talk aimed curbing country nuclear programme stalled israeli offensive took place amid growing international concern iran increased production enriched uranium key component making nuclear weapon however international consensus close iran come building nuclear weapon following day israel targeted iranian infrastructure said could used nuclear weapon development u later joined strike dropping socalled bunker buster bomb fordo site nuclear enrichment facility buried deep mountain outside tehran update tuesday spokesman iran health ministry said people killed injured israeli strike since conflict began according israel health ministry four people killed tuesday bringing death toll since june iran nuclear capability
CNN,NATO summit: Trump takes his go-it-alone approach after announcing Israel-Iran ceasefire,"Noordwijk, Netherlands CNN —

When President Donald Trump travels here Tuesday for a consequential summit of NATO leaders, he’ll arrive toting a freshly brokered ceasefire he hopes can prove to his skeptics — including at the conference — that he is a peacemaker at heart.

The arrangement between Israel and Iran came after an intensive afternoon of diplomacy at the White House, but hours after it was set to take effect, Israel accused Iran of firing several missiles and vowed to respond “with force.” Tehran denied violating the truce.

As he was departing the White House, Trump flashed intense anger that the agreement he helped mediate appeared to be hanging in the balance.

“We basically have two countries that have been fighting so long and so hard that they don’t know what the fuck they’re doing,” a furious Trump said of Israel and Iran, each of which he accused of violating the truce he announced the night earlier.

The president indicated he did not believe the ceasefire was broken. But he said he was unhappy in particular with Israel, which he said quickly violated the truce.

“Israel, as soon as we made the deal they came out and they dropped a load of bombs, the likes of which I’ve never seen before,” he said as he departed Washington for the Netherlands. “The biggest load that we’ve seen.”

In a morning phone call with Israeli Prime Minister Benjamin Netanyahu, Trump was “exceptionally firm and direct … about what needed to happen to sustain the ceasefire,” a White House official said.

A few minutes after taking off for Europe, Trump wrote from Air Force One that the ceasefire was still holding, and that Israel would hold off new attacks.

“All planes will turn around and head home, while doing a friendly ‘Plane Wave’ to Iran,” he wrote on Truth Social. “Nobody will be hurt.”

Trump hopes the ceasefire — if it holds — will act as vindication for the US strikes on Iran’s nuclear facilities, which drew a mixed response from leaders here in Europe, who feared becoming embroiled in a wider war.

In the end, the deal Trump announced Monday was brokered with the help of Qatar, and appeared to leave the Europeans on the sidelines. White House officials said the diplomatic arrangement would not have been possible had Trump not ordered the bombing run over the weekend.

“Congratulations to everyone!” Trump posted on his Truth Social platform Monday evening as he revealed the parameters of what he called the end of the “12 Day War.”

At least in Trump’s mind, the deal could bolster his stature as a global dealmaker at a moment when his ability to strike peace agreements is being tested. As he steps back onto the world stage, the president appears eager to demonstrate his ability to bring warring parties to the table — even if he hasn’t yet been able to resolve the European conflict in the background of this week’s gathering.

This week’s Hague summit had been carefully planned over months to avoid angering Trump and paper over the significant differences that remain between Europe and the United States on how to manage the war in Ukraine.

The centerpiece is a short and focused final statement — designed to avoid any disputes over language — that will formalize a new plan to raise annual military spending targets to the figure Trump had demanded: 5% of GDP. (Trump, however, told reporters on Friday that the US shouldn’t have to meet that target.)

“They want this to be a good experience for President Trump, a warm pat on the back for the way he’s handled Israel and Iran, and a commitment to defense spending,” said Kurt Volker, the former US ambassador to NATO, on CNN. “They’re hoping that this, by being short, sweet and positive, President Trump comes away with a more positive view of NATO.”

While on his way to the summit, Trump posted to Truth Social screenshots of messages from NATO Secretary General Mark Rutte.

“Congratulations and thank you for your decisive action in Iran, that was truly extraordinary, and something no one else dared to do. It makes us all safer,” Rutte wrote in one of the messages, going on to tout the defense spending commitment.

“Europe is going to pay in a BIG way, as they should, and it will be your win,” Rutte said in another.

Trump plans to meet Ukrainian President Volodymyr Zelensky on the sidelines of the summit, a US official said. Zelensky will have a seat at a pre-summit dinner on Tuesday evening, which Trump is expected to attend. But the Ukrainian leader won’t participate in the one-day summit on Wednesday, underscoring his stalled ambitions for his country to join NATO — an outcome Trump has ruled out.

Already, divisions between Trump and European leaders over Ukraine had threatened to foil attempts by NATO to signal a unified front to Russian President Vladimir Putin. Trump has appeared reluctant to apply new sanctions on Moscow, even as his peacemaking efforts have stalled, and so far hasn’t approved any new military assistance to Ukraine.

And over the weekend, European officials privately fretted Trump would decide to cancel his trip to the NATO summit altogether, afraid he’d deem it a needless exercise that would take him away from Middle East consolations in Washington, according to one Western official.

White House officials had also weighed whether to still attend amid the Middle East conflagration. But on Monday, after it appeared both Israel and Iran had agreed to a ceasefire, the president determined to go ahead, carrying with him the freshly brokered agreement after an extraordinary day of diplomacy at the White House.

The venue of the upcoming NATO summit in The Hague on June 23, 2025. Christian Hartmann/Reuters

In the past, a US president who just conducted a major military operation, followed by arranging a pause in fighting, might have relished an opportunity to consult his European counterparts in person to attempt coalition building.

But Trump’s approach appears less collaborative and more go-it-alone.

Even before he gave the go-ahead to launch strikes on three Iranian nuclear facilities, Trump openly dismissed European efforts at brokering a diplomatic resolution to the conflict.

“Iran doesn’t want to speak to Europe, they want to speak to us,” Trump told reporters Friday, hours before US stealth jets took off on a bombing run in Iran.

“Europe is not going to be able to help on this one.”

A few days beforehand, he departed early from the Group of 7 summit in Canada rather than remaining at the mountainside gathering to strategize on Iran with leaders whose own countries could have become embroiled in the widening conflict.

The president’s solitary approach has hardly come as a surprise to European leaders, who found themselves sidelined in the lead-up to the US strikes. Trump made clear over the weekend he believed only the US had any real standing to intervene, and declared afterward, “only American weapons could do what has been done.”

Trump views multilateral organizations like the G7 and NATO skeptically, believing instead that direct interactions between countries is a more fruitful approach to world affairs.

He has previously written off NATO as an attempt to wring resources from the United States to protect nations on the other side of an ocean. At a 2018 NATO summit during his first presidency, he left fellow leaders shaken when he said during a closed-door meeting he would considering doing his “own thing” if they didn’t significantly boost their defense spending.

Heading to Europe on Tuesday, Trump stopped short of offering a full-throated endorsement of the alliance’s cornerstone Article 5 pledge of collective defense.

“It depends on your definition. There are numerous definitions of Article 5,” Trump told reporters aboard Air Force One when asked about his commitment to the article.

Trump’s loud calls for increased investment in defense among NATO members have yielded results. More countries now meet the alliance’s threshold than they did when he first entered office in 2017. But he has continued to insist it’s not enough, particularly as the war in Ukraine rages.

Now, however, the recent tensions in the Middle East may overshadow the war playing out in Europe.

This story has been updated with additional developments.",https://www.cnn.com/2025/06/24/politics/nato-summit-trump-solitary-approach,2025-06-24 00:00:00,[],noordwijk netherlands cnn — president donald trump travel tuesday consequential summit nato leader ’ arrive toting freshly brokered ceasefire hope prove skeptic — including conference — peacemaker heart arrangement israel iran came intensive afternoon diplomacy white house hour set take effect israel accused iran firing several missile vowed respond “ force ” tehran denied violating truce departing white house trump flashed intense anger agreement helped mediate appeared hanging balance “ basically two country fighting long hard ’ know fuck ’ ” furious trump said israel iran accused violating truce announced night earlier president indicated believe ceasefire broken said unhappy particular israel said quickly violated truce “ israel soon made deal came dropped load bomb like ’ never seen ” said departed washington netherlands “ biggest load ’ seen ” morning phone call israeli prime minister benjamin netanyahu trump “ exceptionally firm direct … needed happen sustain ceasefire ” white house official said minute taking europe trump wrote air force one ceasefire still holding israel would hold new attack “ plane turn around head home friendly ‘ plane wave ’ iran ” wrote truth social “ nobody hurt ” trump hope ceasefire — hold — act vindication u strike iran ’ nuclear facility drew mixed response leader europe feared becoming embroiled wider war end deal trump announced monday brokered help qatar appeared leave european sideline white house official said diplomatic arrangement would possible trump ordered bombing run weekend “ congratulation everyone ” trump posted truth social platform monday evening revealed parameter called end “ day war ” least trump ’ mind deal could bolster stature global dealmaker moment ability strike peace agreement tested step back onto world stage president appears eager demonstrate ability bring warring party table — even ’ yet able resolve european conflict background week ’ gathering week ’ hague summit carefully planned month avoid angering trump paper significant difference remain europe united state manage war ukraine centerpiece short focused final statement — designed avoid dispute language — formalize new plan raise annual military spending target figure trump demanded gdp trump however told reporter friday u ’ meet target “ want good experience president trump warm pat back way ’ handled israel iran commitment defense spending ” said kurt volker former u ambassador nato cnn “ ’ hoping short sweet positive president trump come away positive view nato ” way summit trump posted truth social screenshots message nato secretary general mark rutte “ congratulation thank decisive action iran truly extraordinary something one else dared make u safer ” rutte wrote one message going tout defense spending commitment “ europe going pay big way win ” rutte said another trump plan meet ukrainian president volodymyr zelensky sideline summit u official said zelensky seat presummit dinner tuesday evening trump expected attend ukrainian leader ’ participate oneday summit wednesday underscoring stalled ambition country join nato — outcome trump ruled already division trump european leader ukraine threatened foil attempt nato signal unified front russian president vladimir putin trump appeared reluctant apply new sanction moscow even peacemaking effort stalled far ’ approved new military assistance ukraine weekend european official privately fretted trump would decide cancel trip nato summit altogether afraid ’ deem needless exercise would take away middle east consolation washington according one western official white house official also weighed whether still attend amid middle east conflagration monday appeared israel iran agreed ceasefire president determined go ahead carrying freshly brokered agreement extraordinary day diplomacy white house venue upcoming nato summit hague june christian hartmannreuters past u president conducted major military operation followed arranging pause fighting might relished opportunity consult european counterpart person attempt coalition building trump ’ approach appears less collaborative goitalone even gave goahead launch strike three iranian nuclear facility trump openly dismissed european effort brokering diplomatic resolution conflict “ iran ’ want speak europe want speak u ” trump told reporter friday hour u stealth jet took bombing run iran “ europe going able help one ” day beforehand departed early group summit canada rather remaining mountainside gathering strategize iran leader whose country could become embroiled widening conflict president ’ solitary approach hardly come surprise european leader found sidelined leadup u strike trump made clear weekend believed u real standing intervene declared afterward “ american weapon could done ” trump view multilateral organization like g nato skeptically believing instead direct interaction country fruitful approach world affair previously written nato attempt wring resource united state protect nation side ocean nato summit first presidency left fellow leader shaken said closeddoor meeting would considering “ thing ” ’ significantly boost defense spending heading europe tuesday trump stopped short offering fullthroated endorsement alliance ’ cornerstone article pledge collective defense “ depends definition numerous definition article ” trump told reporter aboard air force one asked commitment article trump ’ loud call increased investment defense among nato member yielded result country meet alliance ’ threshold first entered office continued insist ’ enough particularly war ukraine rage however recent tension middle east may overshadow war playing europe story updated additional development
CNN,Malala turns her fight for equality to women in sports,"CNN —

Malala Yousafzai is known by millions around the world as an activist and human rights campaigner, a voice of power and inspiration who survived an assassination attempt by the Taliban at age 15. Perhaps less well known is her life as a sports fanatic.

But take any major women’s sports event from the past few years and you can bet on Yousafzai being in the stands, whether that’s cricket, soccer, basketball, netball or the Olympic and Commonwealth Games. She even chose to spend a freezing Valentine’s Day evening with her husband, Asser Malik, watching American rugby star Ilona Maher turn out for English club side Bristol Bears.

Now, Yousafzai – mononamously referred to as Malala – is turning her fandom into a platform to invest in women’s sports around the world, both on a professional and amateur level.

Recess is her latest initiative intended to enhance the rights of women and girls through sports, a concept which you could say has been in the pipeline since Yousafzai’s childhood in Pakistan.

“I remember in school recess time when boys would go off to the local cricket playground and girls had to stay behind,” she said in an exclusive interview with CNN Sports. “From that point onwards, I knew that sports was something that girls did not have easy access to.”

And in today’s global climate, a time of conflict and heightened political tension, Yousafzai believes that sports play a more crucial role than ever before.

“I think about young people and how their lives are at risk, how children are killed, they’re starved, and girls’ rights are taken away in Afghanistan,” she said. “Just looking at the tensions around the world, we can only hope and pray for peace and encourage everybody to put down their weapons and think about the hope for humanity.

“We are capable of dialogue, we are capable of coming together, and sports, in history, in the current times, have proven to be that powerful way of bringing communities together. … We could be competitive, but at the same time, when the game is over, we can hug each other, shake hands, and recognize that we’re all one humanity.”

Yousafzai is seen in a huddle with members of the Afghan women's soccer team in August 2023. Kelly Defina/Getty Images

A longtime and committed campaigner for women’s education, Yousafzai became an internationally recognized figure after she was shot in the head by the Taliban while riding a bus home from school.

Airlifted to a hospital in Birmingham, England, for lifesaving treatment, she had months of surgeries and rehabilitation before recovering and making the UK her new home with her family.

Undeterred by the experience, Yousafzai founded the Malala Fund in 2013 to champion educational rights for girls, and the following year became the youngest person to receive the Nobel Peace Prize at the age of 17.

Recess, launched on Tuesday to coincide with her appearance at the Billie Jean King Power of Women’s Sport Summit in London, is Yousafzai’s latest initiative dedicated to women’s and girls’ rights. This time, she is doing it alongside her husband, who has experience setting up a cricket franchise in Pakistan and working with the country’s cricket board.

“We were looking for an opportunity where we could bring in our expertise, our platform to benefit women’s sports in general, just because of the lack of investments, lack of opportunities,” Yousafzai said.

Among those contributing to the initiative as advisors are Billie Jean King and wife Ilana Kloss, people who “believe in women’s sports as a business opportunity, and who believe that women’s sports can help us promote gender equity,” Yousafzai added.

She and Malik identify the NWSL and WNBA as two leagues in which they are looking to invest, partly because of the “huge potential” for growth, Yousafzai said, and partly because getting involved in established leagues can “help us really test the economics and the mission side of our work.”

Yousafzai attends a New York Liberty playoff game in September 2023. David Dow/NBAE/Getty Images

The approach will be multipronged, focusing on women’s professional sports in recognized and emerging markets, but on increasing the number of girls involved in sports around the world.

By age 14, girls drop out of sporting activities at double the rate of boys, according to the Women’s Sports Foundation, due to limited opportunities, social stigma and a lack of role models, among other reasons.

“For women’s sports to grow everywhere, we have to have a different approach for different places,” Malik told CNN Sports. “And obviously, Recess’ approach is to treat them like a proper business and to go in and prove that it’s a great business case, so that more capital comes in and it grows.”

Away from boardrooms, Yousafzai, like many who grow up in Pakistan, is an avid cricket fan. She’s also a keen golfer and admits to thinking about the sport “every week almost,” even reliving her best shots to Malik after a round in precise detail.

From her perspective as a fan, the 27-year-old has seen the impact of athletes like Indiana Fever star Caitlin Clark, who has brought increased audiences to the WNBA. It’s figures like Clark, she believes, who can act as role models and encourage more girls to take up sports, purely off the back of their performances alone.

“They have a huge impact without actually saying much,” Yousafzai said. “I don’t think we need to ask them about every topic and every issue – the fact that they’re on the field and they’re on the court is already changing perspectives.

“It’s empowering girls. It’s sending a powerful message to women, to all of us, that the sky’s the limit, and women’s sports will thrive. We will have more equal opportunities for women and girls and we can imagine a world where girls are empowered.”",https://www.cnn.com/2025/06/24/sport/malala-yousafzai-recess-sports-spt-intl,2025-06-24 00:00:00,[],cnn — malala yousafzai known million around world activist human right campaigner voice power inspiration survived assassination attempt taliban age perhaps less well known life sport fanatic take major woman ’ sport event past year bet yousafzai stand whether ’ cricket soccer basketball netball olympic commonwealth game even chose spend freezing valentine ’ day evening husband asser malik watching american rugby star ilona maher turn english club side bristol bear yousafzai – mononamously referred malala – turning fandom platform invest woman ’ sport around world professional amateur level recess latest initiative intended enhance right woman girl sport concept could say pipeline since yousafzai ’ childhood pakistan “ remember school recess time boy would go local cricket playground girl stay behind ” said exclusive interview cnn sport “ point onwards knew sport something girl easy access ” today ’ global climate time conflict heightened political tension yousafzai belief sport play crucial role ever “ think young people life risk child killed ’ starved girl ’ right taken away afghanistan ” said “ looking tension around world hope pray peace encourage everybody put weapon think hope humanity “ capable dialogue capable coming together sport history current time proven powerful way bringing community together … could competitive time game hug shake hand recognize ’ one humanity ” yousafzai seen huddle member afghan womens soccer team august kelly definagetty image longtime committed campaigner woman ’ education yousafzai became internationally recognized figure shot head taliban riding bus home school airlifted hospital birmingham england lifesaving treatment month surgery rehabilitation recovering making uk new home family undeterred experience yousafzai founded malala fund champion educational right girl following year became youngest person receive nobel peace prize age recess launched tuesday coincide appearance billie jean king power woman ’ sport summit london yousafzai ’ latest initiative dedicated woman ’ girl ’ right time alongside husband experience setting cricket franchise pakistan working country ’ cricket board “ looking opportunity could bring expertise platform benefit woman ’ sport general lack investment lack opportunity ” yousafzai said among contributing initiative advisor billie jean king wife ilana kloss people “ believe woman ’ sport business opportunity believe woman ’ sport help u promote gender equity ” yousafzai added malik identify nwsl wnba two league looking invest partly “ huge potential ” growth yousafzai said partly getting involved established league “ help u really test economics mission side work ” yousafzai attends new york liberty playoff game september david downbaegetty image approach multipronged focusing woman ’ professional sport recognized emerging market increasing number girl involved sport around world age girl drop sporting activity double rate boy according woman ’ sport foundation due limited opportunity social stigma lack role model among reason “ woman ’ sport grow everywhere different approach different place ” malik told cnn sport “ obviously recess ’ approach treat like proper business go prove ’ great business case capital come grows ” away boardroom yousafzai like many grow pakistan avid cricket fan ’ also keen golfer admits thinking sport “ every week almost ” even reliving best shot malik round precise detail perspective fan yearold seen impact athlete like indiana fever star caitlin clark brought increased audience wnba ’ figure like clark belief act role model encourage girl take sport purely back performance alone “ huge impact without actually saying much ” yousafzai said “ ’ think need ask every topic every issue – fact ’ field ’ court already changing perspective “ ’ empowering girl ’ sending powerful message woman u sky ’ limit woman ’ sport thrive equal opportunity woman girl imagine world girl empowered ”
CNN,"Microplastics shed by food packaging are contaminating our food and drink, study finds","Food & health Corporate news Pollution See all topics Follow

Ripping the plastic wrap from the meat or prepackaged fruit and veggies you purchased at the grocery store may contaminate your food with micro- and nanoplastics, according to new research.

Plastic contamination may also occur when you’re unwrapping deli meat and cheese, steeping a tea bag in hot water, or opening cartons of milk or orange juice. Glass bottles and jars with a plastic-coated metal closure may also shed microscopic bits of plastic, the study found.

In fact, the abrasion from repeatedly opening and closing the caps on glass and plastic bottles can release an untold amount of micro- and nanoplastics into the beverage, said Lisa Zimmermann, lead author of the study published Tuesday in the journal NPJ Science of Food.

“The research shows the number of microplastics increases with each bottle opening, so therefore we can say it’s the usage of the food contact article which leads to micro- and nanoplastic release,” said Zimmermann, scientific communication officer at the Food Packaging Forum, a nonprofit foundation based in Zurich, Switzerland, that studies chemicals in food contact materials.

Researchers have measured micro- and nanoplastics in such food and drink products as beer, canned fish, rice, mineral water, tea bags, table salts, take-out foods and soft drinks, according to the study.

“This is the first systematic evidence of how normal and intended use of foodstuffs packaged in plastics can be contaminated with micro- and nanoplastics,” Zimmermann said. “We found food packaging is actually a direct source of the micro- and nanoplastics measured in food.”

A separate investigation by the Food Packaging Forum published in September 2024 found more than 3,600 chemicals leach into consumer products during food manufacturing, processing, packaging and storage, ending up in the human body.

Seventy-nine of those food-processing chemicals are known to cause cancer, genetic mutations, endocrine and reproductive issues, and other health concerns, according to the September 2024 study.

And while scientists have long known about potentially toxic chemicals from plastics leaching into food, “what’s less clear, and deeply concerning, is just how significant food packaging is as a source of exposure to plastic particles and what that means for our health,” said David Andrews, acting chief science officer at the Environmental Working Group, a Washington, DC-based health and environmental advocacy organization, in an email.

“This new study highlights food packaging and processing equipment as potentially significant sources of microplastic contamination in the food we eat, and ultimately in our bodies,” said Andrews, who was not involved with the research. “This study should raise alarm bells.”

CNN reached out to the Plastics Industry Association for comment but did not hear back before publication.

What are micro- and nanoplastics?

Microplastics are polymer fragments that can range from less than 0.2 inch (5 millimeters) down to 1/25,000th of an inch (1 micrometer). Anything smaller is a nanoplastic that must be measured in billionths of a meter.

At 1,000th the average width of a human hair, experts say nanoplastics are so teeny they can migrate through the tissues of the digestive tract or lungs into the bloodstream. As the blood circulates, the plastics may distribute potentially harmful synthetic chemicals throughout the body and into cells.

A flurry of recent studies have discovered microplastics and nanoplastics in human brain tissue, the testes and the penis, human blood, lung and liver tissues, urine and feces, mother’s milk, and the placenta.

In the first analysis to illustrate harm to human health, a March 2024 study found people with microplastics or nanoplastics in their carotid artery tissues were twice as likely to have a heart attack or stroke or die from any cause over the next three years than people who had none.

Actions that worsen microplastic shedding

The latest research searched thousands of studies to find those that did the best job of identifying and measuring plastics in tested foods before narrowing the list to 103 for the review.

Microplastic research is quite new, and studies so far often use different methods of microplastic identification and measurement. The lack of standard protocol can make it difficult to adequately compare findings, said senior study author Jane Muncke, managing director and chief scientific officer at the Food Packaging Forum.

“The novel aspect of our analysis is we didn’t just collect all the studies, but we also examined the scientific reliability of their methods. We included a critical appraisal step,” Muncke said. “That left us with seven highly reliable studies — more high-quality research is definitely needed.”

According to that research, ultraprocessed foods contain significantly more microplastics than minimally processed foods.

“There’s a higher number of manufacturing steps with ultraprocessed foods, which can increase the contact time with plastic food processing equipment,” Muncke said, “thus increasing the chance of micro- and nanoplastic migration.”

Migration into food also increased when the plastic packaging was heated, washed for reuse, exposed to sunlight and subjected to mechanical stress — such as the twist used to open a bottle cap, according to the review. That sort of repeated stress could lead to higher abrasion than opening a plastic container, so future research should consider how plastic is used as well as the types of plastics, Muncke said.

“This is a rigorous, detailed and critical study that applies robust systematic methods to review the existing literature on microplastics and food contact materials,” said Megan Deeney, a research fellow and doctoral student in plastics and global health at the London School of Hygiene & Tropical Medicine at the University of London, in an email.

“What is particularly important is that the authors take the time to extract and evaluate evidence on whether the presence of microplastics changed over time in these studies — this can help to identify the food contact material itself as a direct source of food contamination by microplastics,” said Deeney, who was not involved with the new research.

One of the studies included in the new review found 1 liter of water — the equivalent of two standard-size bottled waters bought at the store — contained an average of 240,000 plastic particles from seven types of plastics, of which 90% were identified as nanoplastics and the rest were microplastics.

Another example involved melamine, which is used to make bowls, plates, cups and other plastic tableware.

“In one study, researchers washed a melamine bowl 10 times, 20 times, 50 times, 100 times and measured the amount of microplastic it released each time,” Zimmermann said. “Then they put something in the bowl and tested it and found more microplastic release after increased washing.”

The act of taking the lid off a ready-to-eat store product can release microplastics, experts say. Grace Cary/Moment RF/Getty Images

Limiting your exposure to plastic

While it’s not yet possible to clean microplastics from the food supply, there are steps one can take to reduce exposure to plastics and the chemicals they secrete.

“One is to reduce our plastic footprint by using stainless steel and glass containers, when possible,” said Dr. Leonardo Trasande, director of environmental pediatrics at NYU Langone Health, in an earlier interview with CNN.

“Avoid microwaving food or beverages in plastic, including infant formula and pumped human milk, and don’t put plastic in the dishwasher, because the heat can cause chemicals to leach out,” Trasande said.

In addition, check the recycling code on the bottom of packaging to find the plastic type, and avoid plastics with recycling code 3, which typically contain phthalates, he added.

Bring reusable bags to the grocery store, suggests the Natural Resources Defense Council, a New York City-based environmental advocacy group. Invest in a zippered fabric bag and ask the dry cleaner to return your clothes in that instead of those thin sheets of plastic. Bring a travel mug to the local coffee store for takeout and silverware to the office, cutting back on plastic cups and utensils.

However, due to the pervasiveness of microplastics in the environment, “this is not something that any individual can solve on their own,” Deeney said.

“We need systemic action to reduce plastics production and pollution,” she said via email, encouraging anyone concerned about the issue to send a message to their representatives.

“There’s a critical opportunity for individuals to engage with governments to demand strong, ambitious action on plastics in the upcoming final round of negotiations for a Global Plastics Treaty in Geneva this August, where more than 175 countries will convene to determine a legally-binding instrument to end plastics pollution.”

Get inspired by a weekly roundup on living well, made simple. Sign up for CNN’s Life, But Better newsletter for information and tools designed to improve your well-being.",https://www.cnn.com/2025/06/24/health/microplastics-food-packaging-study-wellness,2025-06-24 00:00:00,[],food health corporate news pollution see topic follow ripping plastic wrap meat prepackaged fruit veggie purchased grocery store may contaminate food micro nanoplastics according new research plastic contamination may also occur ’ unwrapping deli meat cheese steeping tea bag hot water opening carton milk orange juice glass bottle jar plasticcoated metal closure may also shed microscopic bit plastic study found fact abrasion repeatedly opening closing cap glass plastic bottle release untold amount micro nanoplastics beverage said lisa zimmermann lead author study published tuesday journal npj science food “ research show number microplastics increase bottle opening therefore say ’ usage food contact article lead micro nanoplastic release ” said zimmermann scientific communication officer food packaging forum nonprofit foundation based zurich switzerland study chemical food contact material researcher measured micro nanoplastics food drink product beer canned fish rice mineral water tea bag table salt takeout food soft drink according study “ first systematic evidence normal intended use foodstuff packaged plastic contaminated micro nanoplastics ” zimmermann said “ found food packaging actually direct source micro nanoplastics measured food ” separate investigation food packaging forum published september found chemical leach consumer product food manufacturing processing packaging storage ending human body seventynine foodprocessing chemical known cause cancer genetic mutation endocrine reproductive issue health concern according september study scientist long known potentially toxic chemical plastic leaching food “ ’ less clear deeply concerning significant food packaging source exposure plastic particle mean health ” said david andrew acting chief science officer environmental working group washington dcbased health environmental advocacy organization email “ new study highlight food packaging processing equipment potentially significant source microplastic contamination food eat ultimately body ” said andrew involved research “ study raise alarm bell ” cnn reached plastic industry association comment hear back publication micro nanoplastics microplastics polymer fragment range less inch millimeter th inch micrometer anything smaller nanoplastic must measured billionth meter th average width human hair expert say nanoplastics teeny migrate tissue digestive tract lung bloodstream blood circulates plastic may distribute potentially harmful synthetic chemical throughout body cell flurry recent study discovered microplastics nanoplastics human brain tissue testis penis human blood lung liver tissue urine feces mother ’ milk placenta first analysis illustrate harm human health march study found people microplastics nanoplastics carotid artery tissue twice likely heart attack stroke die cause next three year people none action worsen microplastic shedding latest research searched thousand study find best job identifying measuring plastic tested food narrowing list review microplastic research quite new study far often use different method microplastic identification measurement lack standard protocol make difficult adequately compare finding said senior study author jane muncke managing director chief scientific officer food packaging forum “ novel aspect analysis ’ collect study also examined scientific reliability method included critical appraisal step ” muncke said “ left u seven highly reliable study — highquality research definitely needed ” according research ultraprocessed food contain significantly microplastics minimally processed food “ ’ higher number manufacturing step ultraprocessed food increase contact time plastic food processing equipment ” muncke said “ thus increasing chance micro nanoplastic migration ” migration food also increased plastic packaging heated washed reuse exposed sunlight subjected mechanical stress — twist used open bottle cap according review sort repeated stress could lead higher abrasion opening plastic container future research consider plastic used well type plastic muncke said “ rigorous detailed critical study applies robust systematic method review existing literature microplastics food contact material ” said megan deeney research fellow doctoral student plastic global health london school hygiene tropical medicine university london email “ particularly important author take time extract evaluate evidence whether presence microplastics changed time study — help identify food contact material direct source food contamination microplastics ” said deeney involved new research one study included new review found liter water — equivalent two standardsize bottled water bought store — contained average plastic particle seven type plastic identified nanoplastics rest microplastics another example involved melamine used make bowl plate cup plastic tableware “ one study researcher washed melamine bowl time time time time measured amount microplastic released time ” zimmermann said “ put something bowl tested found microplastic release increased washing ” act taking lid readytoeat store product release microplastics expert say grace carymoment rfgetty image limiting exposure plastic ’ yet possible clean microplastics food supply step one take reduce exposure plastic chemical secrete “ one reduce plastic footprint using stainless steel glass container possible ” said dr leonardo trasande director environmental pediatrics nyu langone health earlier interview cnn “ avoid microwaving food beverage plastic including infant formula pumped human milk ’ put plastic dishwasher heat cause chemical leach ” trasande said addition check recycling code bottom packaging find plastic type avoid plastic recycling code typically contain phthalates added bring reusable bag grocery store suggests natural resource defense council new york citybased environmental advocacy group invest zippered fabric bag ask dry cleaner return clothes instead thin sheet plastic bring travel mug local coffee store takeout silverware office cutting back plastic cup utensil however due pervasiveness microplastics environment “ something individual solve ” deeney said “ need systemic action reduce plastic production pollution ” said via email encouraging anyone concerned issue send message representative “ ’ critical opportunity individual engage government demand strong ambitious action plastic upcoming final round negotiation global plastic treaty geneva august country convene determine legallybinding instrument end plastic pollution ” get inspired weekly roundup living well made simple sign cnn ’ life better newsletter information tool designed improve wellbeing
CNN,McDonald’s boycott: The ‘economic blackout’ movement wants you to avoid the fast food chain starting today,"New York CNN —

McDonald’s is the latest target of a grassroots “economic blackout” campaign that has previously targeted other major companies with mixed success.

The People’s Union USA, led by John Schwarz, is now calling on people to boycott McDonald’s beginning Tuesday through next Monday, explaining in an Instagram post that he’s demanding “fair taxes, an end to price gouging, real equality, and corporate accountability.”

“This is a show of strength, solidarity and people powered change,” Schwarz wrote. “Let them feel it. Let them hear us.”

McDonald’s did not immediately respond to comment about the boycott.

Boycotts are notoriously difficult to organize, and it’s not clear that the effort will make a dent in McDonald’s bottom line. Nevertheless, the spotlight is shining on McDonald’s at a less than ideal time for the company, which recently reported its second consecutive quarter of sales declines. Customers, especially in low- and middle-income brackets, have pulled back their spending amid economic uncertainty.

McDonald’s has faced backlash from some customers about its prices. The value perception of the chain has dimmed among its cash-conscious customers: The average price of items has soared about 40% since 2019. The company says this is in line with its rising costs.

Schwarz didn’t immediately respond for comment. His website calls the group “a grassroots movement dedicated to economic resistance, government accountability, and corporate reform,” adding that the “goal is to unite Americans against the corruption and greed that has kept us struggling for decades.”

Boycott background

Schwarz garnered national attention earlier this year when his group called for an “economic boycott” on Walmart, Target and Amazon for various reasons, including the roll-back of diversity, equality and inclusion (DEI) programs.

In January, McDonald’s ended some of its its specific diversity goals, including requiring its suppliers to commit to certain DEI targets.

The chain also stopped participating in external surveys that measure corporate diversity, as well as changed the name of its diversity team to the Global Inclusion Team — a common practice for many other companies that have rolled back diversity pledges.

Companies have changed their views on DEI following the reelection of President Donald Trump, who opposes the efforts, and a Supreme Court ruling against affirmative action. Online pressure, legal threats and customer opposition have led many companies, including Walmart, Ford, Harley-Davidson, John Deere and others to make changes to their DEI initiatives.

Still, Schwarz’s bark might be louder than his bite. A March boycott against Amazon had negligible affect to its bottom line, with the company posting better-than-expected earnings results during that quarter.

The “economic blackout” effort is relatively uncoordinated and nebulous. Experts on consumer boycotts and corporate strategy are dubious that it will make a dent in the bottom lines of the massive companies that it targets, let alone the vast US economy.

However, a 40-day boycott against Target led by megachurch pastor Rev. Jamal Bryant, has been more fruitful. Sales fell last quarter, driven in part by customer backlash to Target’s reversal on its DEI programs, the company admitted.",https://www.cnn.com/2025/06/24/food/mcdonalds-boycott,2025-06-24 00:00:00,[],new york cnn — mcdonald ’ latest target grassroots “ economic blackout ” campaign previously targeted major company mixed success people ’ union usa led john schwarz calling people boycott mcdonald ’ beginning tuesday next monday explaining instagram post ’ demanding “ fair tax end price gouging real equality corporate accountability ” “ show strength solidarity people powered change ” schwarz wrote “ let feel let hear u ” mcdonald ’ immediately respond comment boycott boycott notoriously difficult organize ’ clear effort make dent mcdonald ’ bottom line nevertheless spotlight shining mcdonald ’ less ideal time company recently reported second consecutive quarter sale decline customer especially low middleincome bracket pulled back spending amid economic uncertainty mcdonald ’ faced backlash customer price value perception chain dimmed among cashconscious customer average price item soared since company say line rising cost schwarz ’ immediately respond comment website call group “ grassroots movement dedicated economic resistance government accountability corporate reform ” adding “ goal unite american corruption greed kept u struggling decade ” boycott background schwarz garnered national attention earlier year group called “ economic boycott ” walmart target amazon various reason including rollback diversity equality inclusion dei program january mcdonald ’ ended specific diversity goal including requiring supplier commit certain dei target chain also stopped participating external survey measure corporate diversity well changed name diversity team global inclusion team — common practice many company rolled back diversity pledge company changed view dei following reelection president donald trump opposes effort supreme court ruling affirmative action online pressure legal threat customer opposition led many company including walmart ford harleydavidson john deere others make change dei initiative still schwarz ’ bark might louder bite march boycott amazon negligible affect bottom line company posting betterthanexpected earnings result quarter “ economic blackout ” effort relatively uncoordinated nebulous expert consumer boycott corporate strategy dubious make dent bottom line massive company target let alone vast u economy however day boycott target led megachurch pastor rev jamal bryant fruitful sale fell last quarter driven part customer backlash target ’ reversal dei program company admitted
CNN,These hyper-realistic pencil artworks are raising awareness of visible skin differences,"London CNN —

Known for his hyper-realistic pencil artworks, Kelvin Okafor is using his latest exhibition to call attention to visible skin differences.

“Drawing Awareness,” at London’s Hope93 Gallery, features portraits of both ordinary people and celebrities, including Canadian fashion model Winnie Harlow, who has the skin condition vitiligo, Grammy-winning pop star Seal, who has facial scarring from a form of the autoimmune disease lupus, and acid attack survivor Katie Piper.

“It’s a very emotional process, because all of the models have skin conditions, whether genetic or environmental, that have left scars not just on the surface but within,” said Okafor.

Okafor's artwork of acid attack survivor, author and activist, Katie Piper. Kelvin Okafor

Okafor first found fame on social media more than a decade ago with his pencil portraits of notable figures, including Amy Winehouse and Mother Teresa, drawn from their photographs, and he’s since had multiple group and solo exhibitions. For “Drawing Awareness,” he again worked from photographs of his subjects but spoke to many of them beforehand to get to know them.

“The process before putting pen to paper is one of patience, stillness and compassion,” Okafor explained.

“Listening to my subjects’ stories often stirred very deep emotions in me and made me reflect on my own life. Not in a negative way, but it changed how I see the world and helped me realize that it’s truly a blessing to be comfortable in the skin we’re in.”

Each drawing is paired with the sitter’s personal story, which, like their portrait, challenges the viewer to see beyond the surface.

Okafor says he spent up to 900 hours on a single drawing, and was absorbed in his subjects’ stories as he studied their voice, body language and psychology.

This emotional connection, he said, is essential: “It enables me to work long hours, because I’m honoring their condition. If I didn’t feel that emotional connection, I don’t think I would serve as much time.”

Okafor in front of a self portrait. Kelvin Okafor

Okafor often draws for 14 hours a day, waking up at 5:30am for meditation and exercise, then beginning to draw around 11am.

He works in focused stretches, taking breaks to recharge, and gets about four hours of sleep each night. “It sounds intense,” he admitted, “but I get lost in it because it feels like it’s preparing me for something bigger.”

Shimbe Avalumun Queen has albinism and promotes inclusion of people with the condition, especially in Africa. Kelvin Okafor

Born and raised in London, with Nigerian parents, Okafor’s interest in skin differences has roots in his childhood.

“When I was young, visiting Nigeria with my family, I often saw people with albinism but didn’t understand what it was,” he recalls. “Out of curiosity, I would ask myself, ‘Don’t they get suntanned? Why are they so light?’”

Returning to London, he noticed how rare it was to see people with albinism there.

“When I finally had the chance to draw someone with albinism for this project, it felt like I could answer the question I’d been asking myself as a child,” he said.

Challenging beauty standards

Okafor first drew Harlow in 2019, and it was a revelation for him. “It made me realize that, although we live in a world with very strict beauty ideals, here was someone in the modeling industry who has a very visible difference and has carved out space for so many others with skin conditions and unique features,” he said.

This experience made him question what beauty is. “People often say it’s about symmetry, height, weight, but is it really?” he said. “Beauty is something much deeper than the surface … almost intangible. It is something that radiates within a person.”

Hope93 founder Aki Abiola, left, with Okafor. Hope93

Feeling seen and included

Hope93 Gallery was created as a space with inclusion “at its heart,” looking to “connect communities using art as a starting point,” according to its website.

“What drew me to ‘Drawing Awareness’ is the importance of seeing inner beauty,” said Hope93 founder Aki Abiola, whose gallery is named in honor of his late father, MKO Abiola, who ran for president in Nigeria’s 1993 elections.

“We live in an age where looks often shape how people judge others, which I believe is unfair. When you learn the stories behind people’s lives, you begin to understand them better. I think that’s exactly what Kelvin is trying to reveal: the beauty within.”

Okafor says he wants to further raise awareness by working with charities such as Face Equality International, Changing Faces, or the Katie Piper Foundation, which have all partnered to present Drawing Awareness.

“I would love for people who have similar conditions to feel seen and included,” said Okafor.

“People who don’t, I want them to see this as an opportunity to learn more, to be enlightened.”

The exhibition runs until July 3 2025.",https://www.cnn.com/style/kelvin-okafor-drawing-awareness-spc,2025-06-24 08:19:23.529000+00:00,[],london cnn — known hyperrealistic pencil artwork kelvin okafor using latest exhibition call attention visible skin difference “ drawing awareness ” london ’ hope gallery feature portrait ordinary people celebrity including canadian fashion model winnie harlow skin condition vitiligo grammywinning pop star seal facial scarring form autoimmune disease lupus acid attack survivor katie piper “ ’ emotional process model skin condition whether genetic environmental left scar surface within ” said okafor okafors artwork acid attack survivor author activist katie piper kelvin okafor okafor first found fame social medium decade ago pencil portrait notable figure including amy winehouse mother teresa drawn photograph ’ since multiple group solo exhibition “ drawing awareness ” worked photograph subject spoke many beforehand get know “ process putting pen paper one patience stillness compassion ” okafor explained “ listening subject ’ story often stirred deep emotion made reflect life negative way changed see world helped realize ’ truly blessing comfortable skin ’ ” drawing paired sitter ’ personal story like portrait challenge viewer see beyond surface okafor say spent hour single drawing absorbed subject ’ story studied voice body language psychology emotional connection said essential “ enables work long hour ’ honoring condition ’ feel emotional connection ’ think would serve much time ” okafor front self portrait kelvin okafor okafor often draw hour day waking meditation exercise beginning draw around work focused stretch taking break recharge get four hour sleep night “ sound intense ” admitted “ get lost feel like ’ preparing something bigger ” shimbe avalumun queen albinism promotes inclusion people condition especially africa kelvin okafor born raised london nigerian parent okafor ’ interest skin difference root childhood “ young visiting nigeria family often saw people albinism ’ understand ” recall “ curiosity would ask ‘ ’ get suntanned light ’ ” returning london noticed rare see people albinism “ finally chance draw someone albinism project felt like could answer question ’ asking child ” said challenging beauty standard okafor first drew harlow revelation “ made realize although live world strict beauty ideal someone modeling industry visible difference carved space many others skin condition unique feature ” said experience made question beauty “ people often say ’ symmetry height weight really ” said “ beauty something much deeper surface … almost intangible something radiates within person ” hope founder aki abiola left okafor hope feeling seen included hope gallery created space inclusion “ heart ” looking “ connect community using art starting point ” according website “ drew ‘ drawing awareness ’ importance seeing inner beauty ” said hope founder aki abiola whose gallery named honor late father mko abiola ran president nigeria ’ election “ live age look often shape people judge others believe unfair learn story behind people ’ life begin understand better think ’ exactly kelvin trying reveal beauty within ” okafor say want raise awareness working charity face equality international changing face katie piper foundation partnered present drawing awareness “ would love people similar condition feel seen included ” said okafor “ people ’ want see opportunity learn enlightened ” exhibition run july
Reuters,Breaking & Latest Sports News,"Sports category · June 24, 2025 · 6:42 AM UTC · ago · ago

The Portland Trail Blazers are reacquiring two-time All-Star guard Jrue Holiday from the Celtics, sending guard Anfernee Simons and two future second-round draft picks to Boston in return, ESPN reported on Monday night.",https://www.reuters.com/sports/,2025-06-24 18:47:32.975282,[],sport category · june · utc · ago · ago portland trail blazer reacquiring twotime allstar guard jrue holiday celtic sending guard anfernee simon two future secondround draft pick boston return espn reported monday night
Reuters,Today's Latest Science Headlines,"category · June 24, 2025 · 11:19 AM UTC · ago · ago

Europe's drive to create a satellite manufacturing champion is taking longer than planned, and debates over costs, competition policy and who might participate could continue to hamper progress despite French calls for greater urgency.",https://www.reuters.com/science/,2025-06-24 18:47:35.365135,[],category · june · utc · ago · ago europe drive create satellite manufacturing champion taking longer planned debate cost competition policy might participate could continue hamper progress despite french call greater urgency
Reuters,Today's Top Lifestyle Stories,"Lifestyle category · June 24, 2025 · 12:10 AM UTC · ago · ago

Brad Pitt is itching to return to the racing tracks after making ""F1"", a movie that takes audiences into the action of real Formula One races and mixes in romance and humour.",https://www.reuters.com/lifestyle/,2025-06-24 18:47:38.642143,[],lifestyle category · june · utc · ago · ago brad pitt itching return racing track making f movie take audience action real formula one race mix romance humour
Reuters,Latest Headlines & Stories,"Israel and Iran's long-simmering tensions erupted into missile attacks last Friday, when Israel launched a suprise attack against military and nuclear targets in Iran and wiped out the top echelon of Iran's military command. Iran retaliated with waves of ballistic missiles.",https://www.reuters.com/graphics/,2025-06-24 18:47:41.856129,[],israel iran longsimmering tension erupted missile attack last friday israel launched suprise attack military nuclear target iran wiped top echelon iran military command iran retaliated wave ballistic missile
Reuters,"Pictures, News Photos, Picture Slideshows & More",Pictures Pictures of the Day Pictures of the Week Pictures of the Month Year in Pictures,https://www.reuters.com/pictures/,2025-06-24 18:47:43.805711,[],picture picture day picture week picture month year picture
