source,title,text,url,date,keywords
BBC,"Breaking News, World News, US News, Sports, Business, Innovation, Climate, Culture, Travel, Video & Audio","Where to get the US's best barbecue

From whole hogs to smoked fish and brisket, this all-American smoke-infused cooking style is as diverse as the US itself – and just as rich in history.",https://www.bbc.com/,2025-07-13 12:47:11.857393,[]
BBC,"Breaking News, World News, US News, Sports, Business, Innovation, Climate, Culture, Travel, Video & Audio","Where to get the US's best barbecue

From whole hogs to smoked fish and brisket, this all-American smoke-infused cooking style is as diverse as the US itself – and just as rich in history.",https://www.bbc.com/,2025-07-13 12:47:14.929628,[]
BBC,"Scores, Fixtures, News",Available for over a year,https://www.bbc.com/sport,2025-07-13 12:47:17.518392,[]
BBC,World class video news and storytelling from around the world.,"Japan's mysterious 'Dragon Eye' lake

The Kagami Numa is usually pretty ordinary looking, but visit at the right time and you might witness a phenomenon which transforms the lake into what looks like a giant eye.",https://www.bbc.com/video,2025-07-13 12:47:21.387966,[]
BBC,"Children fetching water killed in Israeli strike in Gaza, emergency officials say","Children fetching water killed in Israeli strike in Gaza, emergency officials say

16 minutes ago Share Save Rushdi Abualouf Gaza correspondent Maia Davies BBC News Share Save

Getty Images Relatives mourn Palestinian child Saraj Ibrahim. In other photos and video, the man in grey is seen carrying the child's body after a strike hit a water distribution point

Ten people, including six children, have been killed in an Israeli air strike while waiting to fill water containers in central Gaza on Sunday, emergency service officials say. Their bodies were sent to Nuseirat's al-Awda Hospital, which also treated 16 injured people including seven children, a doctor there said. Eyewitnesses said a drone fired a missile at a crowd queuing with empty jerry cans next to a water tanker in al-Nuseirat refugee camp. The Israeli military has been asked to comment. Separately, the International Committee of the Red Cross said it had treated more mass casualty cases at its Rafah field hospital in southern Gaza in the last six weeks than in the 12 months before that.

Unverified footage shared online after the strike showed bloodied children and lifeless bodies, with screams of panic and desperation. Residents rushed to the scene and transported the wounded using private vehicles and donkey carts. The strike came as Israeli aerial attacks across the Gaza Strip have escalated. A spokesperson for Gaza's Civil Defence Agency said 19 other Palestinians had been killed on Sunday, in three separate strikes on residential buildings in central Gaza and Gaza City. The International Committee of the Red Cross (ICRC) said that its field hospital in Rafah had received 132 patients ""suffering from weapon-related injuries"" on Saturday, 31 of whom died. ICRC said the ""overwhelming majority"" of the patients had gunshot wounds and ""all responsive individuals"" reported they had been trying to access food distribution sites. It added that the hospital had treated more than 3,400 weapon-wounded patients and recorded more than 250 deaths since new food distribution sites opened on 27 May - exceeding ""all mass casualty cases treated at the hospital"" in the year prior. ""The alarming frequency and scale of these mass casualty incidents underscore the horrific conditions civilians in Gaza are enduring,"" the ICRC said. On Friday, the UN human rights office said that it had recorded 789 aid-related killings. Of those, 615 were in the vicinity of the US and Israeli-backed Gaza Humanitarian Foundation (GHF)'s sites, which opened on 27 May and are operated by US private security contractors inside military zones in southern and central Gaza. The other 183 killings were recorded near UN and other aid convoys. The Israeli military said it recognised there had been incidents in which civilians had been harmed and that it was working to minimise ""possible friction between the population and the [Israeli] forces as much as possible"". The GHF accused the UN of using ""false and misleading"" statistics from Gaza's Hamas-run health ministry. GHF boss Johnnie Moore previously told the BBC he was not denying deaths near aid sites, but said ""100% of those casualties are being attributed to close proximity to GHF"" and that was ""not true"". On Saturday, southern Gaza's Nasser hospital said 24 people were killed near an aid distribution site, where witnesses said Israeli troops had opened fire as people were trying to access food. The Israel Defense Forces (IDF) said there were ""no known injured individuals"" from IDF fire near the site. Separately, an Israeli military official said warning shots were fired to disperse people who the IDF believed were a threat.",https://www.bbc.com/news/articles/c0rvxjnvv71o,2025-07-13 12:47:24.153504,[]
BBC,Mushroom killer: How 'super sleuth' Erin Patterson became true crime obsession,"The mushroom killer was obsessed with true crime. Now true crime fans are obsessed with her

12 hours ago Share Save Tiffanie Turnbull and Katy Watson BBC News Reporting from Morwell, Australia Share Save

Watch: Australia’s mushroom murder case... in under two minutes

For years, from behind a computer screen, Erin Patterson built up a reputation in an online true crime community as a ""super sleuth"". Today, she herself has become a true crime obsession. When three people died – and another fell gravely ill - after eating toxic-mushroom-laced beef Wellingtons at her home in rural Victoria two years ago, her entire life was put under a microscope. Journalists have descended from around the world to cover her lengthy murder trial, spectators have queued daily to nab a spot in the courtroom, and thousands of people have picked apart details of the case online. But, despite a jury earlier this week finding her guilty on all charges, the frenzy of speculation and depth of fascination has only intensified. ""It has shades of Macbeth,"" criminal psychologist Tim Watson-Munro told the BBC.

Getty Images The mushroom murder trial was the biggest case in recent history

It was in one of Australia's smallest courtrooms that its biggest trial in recent history took place. Over 11 weeks, seven documentary-making teams cast their lens on the tiny town of Morwell. Podcasters here were a dime a dozen. Journalists vied for the six seats reserved for media inside the court each day. Even one of Australia's best-loved authors, Helen Garner, frequently dropped by the Latrobe Valley Law Courts, fuelling rumours that she is preparing to write another best-seller. Waiting with the sea of tripods outside the building most mornings of the trial was a queue of camp chairs. Come rain, frost or fog, court watchers – predominantly women, often rugged up in beanies and encased in sleeping bags – watched for the moment the glass doors would open. Once inside, they would lay a line of belongings – scarves, water bottles, notepads, bags – outside the courtroom entry to reserve their spot.

The Patterson trial heard from more than 50 witnesses

Tammy Egglestone commuted for more than an hour to reach Morwell most days of the trial. ""I'm a bit of a true crime fanatic,"" she explains. She was in court when it heard evidence that Patterson was once just like her. Patterson had been an active member in a Facebook group focussed on the crimes of Keli Lane, a woman who was found guilty of killing her two-day-old daughter in one of Australia's most notorious cases. In 2018, Lane became the subject of a major podcast after writing to a journalist claiming to have been wrongly convicted and begging her to investigate. At Patterson's trial, one of her online friends Christine Hunt said she was renowned among her peers for her nimble researching and tech skills. ""She was a bit of a super sleuth,"" she said. ""She was highly regarded in that group.""

Getty Images A Melbourne lane with a mural of Erin Patterson

But as her case unfolded in Morwell, Patterson was also put on trial in the court of public opinion. She became water-cooler talk in workplaces around the country, gossip among friend groups, and the ultimate topic of debate online. Thousands of people theorised over a motive for the crime, provided commentary on bits of evidence, and even alleged corrupt forces were behind the case – much of the discussion unfounded, almost all of it in breach of laws designed to give defendants a fair trial. Memes filled social media feeds. On Google Maps, someone created a restaurant listing at Patterson's home address. Others shared trial bingo cards they had created for those following it closely. Throughout the week the jury was considering their verdict, sequestered in a hotel to protect them from the maelstrom, the question everyone had was: what were they thinking? ""What are they doing in there?"" one lawyer was overheard asking in a Morwell café on day four of deliberations.

Ms Egglestone has spent hours commuting to see the trial evidence in person

With jury members bound by strict secrecy requirements, we will never know. ""In the US, they can interview jurors after a trial,"" Mr Watson-Munro said. ""We can't get into the heads of jurors in Australia… so it's really hard to know what they're thinking has been and why they've come to that conclusion."" That leaves a massive vacuum for members of the public to fill with their speculation. People like Ms Egglestone pondered: if the poisoning was intended to kill, wouldn't Patterson have planned and executed it better? ""I've come in here [as] Switzerland,"" Ms Egglestone clarified, calling the discourse around the case ""very pitchforky"". ""You know, [it's] she's guilty, she's guilty, she's guilty. ""And a lot of them are using hindsight reasoning. 'If I was in that situation, I wouldn't do this, this and this.' Well, you don't know what you would do in that situation."" But people like her were drowned out by the hordes proclaiming Patterson guilty. Many said it was her lies that convinced them. Some claimed the evidence showed a clear lack of empathy and concern for those who died. ""What really gave her away was wearing white pants when she had 'gastro' and needed to go to hospital for it!"" one person posted, referring to CCTV footage of her movements in the days after the lunch, which was played at the trial.

Watch: CCTV and audio shown to court in mushroom trial

Already, the case has inspired a television special, a silver screen drama series, a bevy of podcasts, several documentaries and a handful of books. ""It has those typical cliché things that make true crime sell,"" Ms Egglestone said, explaining why she and flocks of others have become obsessed with the case. ""Poison's the weapon, the fact that she did take out family members... [she's] white, female, financially stable, you know. And they're all church people."" For David Peters, the seemingly benign circumstances surrounding the crime – and the fact it was in his local area – drew him in: ""The fact that it was a family sitting down to do something you would consider to be safe - have a meal - and then the consequences of that meal..."" Several people tell the BBC the case reminds them of the frenzy over Lindy Chamberlain's notorious trial in 1982. She was falsely convicted of murder after her infant daughter Azaria was taken from an outback campsite by a dingo. It's no coincidence that both of those cases centre around women, criminology researcher Brandy Cochrane tells the BBC. The world has long been fascinated by women who kill – in no small part because it contradicts their traditional ""caring"" gender role, they explain. Those stereotypes also cast a shadow on Patterson's time in court.

EPA",https://www.bbc.com/news/articles/c0m8glx2zleo,2025-07-13 12:47:26.913278,[]
BBC,Wimbledon 2025: Jannik Sinner and Carlos Alcaraz resume absorbing rivalry in men's final,"There are a number of factors which turn an exciting rivalry into an epic, enduring duel that transcends the sport.

The core talent. The blend of personalities. The gripping encounters on the biggest stages.

The tussle between Italy's Jannik Sinner and Spain's Carlos Alcaraz - ranked one and two in the men's game - has all those components.

It also has arguably the most important ingredient: each player being pushed to a greater height by the other.

On Sunday, the pair will meet again in the Wimbledon final - where Sinner aims to win his first title and Alcaraz bids for a rare third in a row.

A renewal of their acquaintance at the All England Club comes just 35 days after Alcaraz beat Sinner in an all-time classic French Open final.

Asked about their rivalry, Alcaraz said: ""I'm not going to say I'm feeling like when Rafa [Nadal] and Roger [Federer] are playing.

""But I'm feeling like it is a different energy when we are facing each other than other players.""",https://www.bbc.com/sport/tennis/articles/cn0qzpl9yk4o,2025-07-13 12:47:29.067002,[]
BBC,US drops charges against doctor accused of destroying Covid vaccines,"US drops charges against doctor accused of destroying Covid vaccines

3 hours ago Share Save Maia Davies BBC News Share Save

Reuters Attorney General Pam Bondi said she had ordered the charges to be dropped

The US attorney general has ordered charges to be dropped against a doctor accused of destroying Covid-19 vaccines worth $28,000 (£20,742), distributing fake vaccination record cards, and giving children saline shots instead of the vaccine at their parents' request. Pam Bondi said Dr Michael Kirk Moore Jr. ""gave his patients a choice when the federal government refused to do so"". He had been indicted by the Justice Department under the Biden administration in 2023. The plastic surgeon was already on trial in Utah, where he had pleaded not guilty to all charges including conspiracy to defraud the US.

The acting US Attorney for the district of Utah, Felice John Viti, filed to dismiss the charges on Saturday, saying this was ""in the interests of justice"". Dr Moore was accused of providing fraudulently completed vaccination certificates for more than 1,900 vaccine doses, the US Attorney's office in Utah said in 2023. These were allegedly provided, without administering the vaccine, for a charge of $50 (£37), in exchange for direct cash payments or donations to a specific charity. The government also accused him of giving children saline shots at their parents' request so that the ""children would think they were receiving a COVID-19 vaccine,"" according to the US attorney's office. He was accused alongside his company - Plastic Surgery Institute of Utah, Inc. - and three others of seeking to defraud the US and the Centers for Disease Control and Prevention (CDC).",https://www.bbc.com/news/articles/cy0w1p0wq87o,2025-07-13 12:47:31.332907,[]
BBC,Kim Jong Un reaffirms support for Russia's war in Ukraine,"North Korea reaffirms support for Russia's war in Ukraine

Western officials believe Pyongyang has sent an estimated 11,000 troops to Russia over the last year to fight against Ukraine.

In talks with Russian Foreign Minister Sergei Lavrov in North Korea, Kim said that Pyongyang stood by ""all the measures taken by the Russian leadership"" to tackle the ""root cause of the Ukrainian crisis"".

North Korean leader Kim Jong Un offered Moscow his ""unconditional support"" on the war in Ukraine, according to state media reports.

According to North Korean state media KCNA news agency, Kim and Lavrov met on Saturday in ""an atmosphere full of warm comradely trust"".

The North Korean leader also expressed a ""firm belief that the Russian army and people would surely win victory in accomplishing the sacred cause of defending the dignity and basic interests of the country"".

On Telegram, Russia's foreign ministry posted a video showing the two men shaking hands and greeting each other with a hug.

North Korea's renewed military support for Russia comes as US President Donald Trump has resumed military supplies to Ukraine, after a brief hiatus.

Trump told NBC News on Thursday that he had made a deal with Nato for the US to send Patriot air defence systems to Ukraine via the alliance, after a surge of Russian aerial attacks.

Pyongyang first publicly acknowledged sending troops to Russia in April, months after Ukraine and the West revealed the large-scale troop movement from North Korea to the Russian-Ukrainian frontline.

Kim signed an accord with Russian leader Vladimir Putin in June last year, agreeing to support each other if either country was dealing with ""aggression"".

Apart from soldiers, North Korea also promised to send thousands of workers to help rebuild Russia's war-torn Kursk region, Moscow's security chief said last month.",https://www.bbc.com/news/articles/czeyxrng6gro,2025-07-13 12:47:34.917631,[]
BBC,Mushroom killer: How 'super sleuth' Erin Patterson became true crime obsession,"The mushroom killer was obsessed with true crime. Now true crime fans are obsessed with her

14 hours ago Share Save Tiffanie Turnbull and Katy Watson BBC News Reporting from Morwell, Australia Share Save

Watch: Australia’s mushroom murder case... in under two minutes

For years, from behind a computer screen, Erin Patterson built up a reputation in an online true crime community as a ""super sleuth"". Today, she herself has become a true crime obsession. When three people died – and another fell gravely ill - after eating toxic-mushroom-laced beef Wellingtons at her home in rural Victoria two years ago, her entire life was put under a microscope. Journalists have descended from around the world to cover her lengthy murder trial, spectators have queued daily to nab a spot in the courtroom, and thousands of people have picked apart details of the case online. But, despite a jury earlier this week finding her guilty on all charges, the frenzy of speculation and depth of fascination has only intensified. ""It has shades of Macbeth,"" criminal psychologist Tim Watson-Munro told the BBC.

Getty Images The mushroom murder trial was the biggest case in recent history

It was in one of Australia's smallest courtrooms that its biggest trial in recent history took place. Over 11 weeks, seven documentary-making teams cast their lens on the tiny town of Morwell. Podcasters here were a dime a dozen. Journalists vied for the six seats reserved for media inside the court each day. Even one of Australia's best-loved authors, Helen Garner, frequently dropped by the Latrobe Valley Law Courts, fuelling rumours that she is preparing to write another best-seller. Waiting with the sea of tripods outside the building most mornings of the trial was a queue of camp chairs. Come rain, frost or fog, court watchers – predominantly women, often rugged up in beanies and encased in sleeping bags – watched for the moment the glass doors would open. Once inside, they would lay a line of belongings – scarves, water bottles, notepads, bags – outside the courtroom entry to reserve their spot.

The Patterson trial heard from more than 50 witnesses

Tammy Egglestone commuted for more than an hour to reach Morwell most days of the trial. ""I'm a bit of a true crime fanatic,"" she explains. She was in court when it heard evidence that Patterson was once just like her. Patterson had been an active member in a Facebook group focussed on the crimes of Keli Lane, a woman who was found guilty of killing her two-day-old daughter in one of Australia's most notorious cases. In 2018, Lane became the subject of a major podcast after writing to a journalist claiming to have been wrongly convicted and begging her to investigate. At Patterson's trial, one of her online friends Christine Hunt said she was renowned among her peers for her nimble researching and tech skills. ""She was a bit of a super sleuth,"" she said. ""She was highly regarded in that group.""

Getty Images A Melbourne lane with a mural of Erin Patterson

But as her case unfolded in Morwell, Patterson was also put on trial in the court of public opinion. She became water-cooler talk in workplaces around the country, gossip among friend groups, and the ultimate topic of debate online. Thousands of people theorised over a motive for the crime, provided commentary on bits of evidence, and even alleged corrupt forces were behind the case – much of the discussion unfounded, almost all of it in breach of laws designed to give defendants a fair trial. Memes filled social media feeds. On Google Maps, someone created a restaurant listing at Patterson's home address. Others shared trial bingo cards they had created for those following it closely. Throughout the week the jury was considering their verdict, sequestered in a hotel to protect them from the maelstrom, the question everyone had was: what were they thinking? ""What are they doing in there?"" one lawyer was overheard asking in a Morwell café on day four of deliberations.

Ms Egglestone has spent hours commuting to see the trial evidence in person

With jury members bound by strict secrecy requirements, we will never know. ""In the US, they can interview jurors after a trial,"" Mr Watson-Munro said. ""We can't get into the heads of jurors in Australia… so it's really hard to know what they're thinking has been and why they've come to that conclusion."" That leaves a massive vacuum for members of the public to fill with their speculation. People like Ms Egglestone pondered: if the poisoning was intended to kill, wouldn't Patterson have planned and executed it better? She said the discourse around the case was ""very pitchforky"". ""You know, [it's] she's guilty, she's guilty, she's guilty. ""And a lot of them are using hindsight reasoning. 'If I was in that situation, I wouldn't do this, this and this.' Well, you don't know what you would do in that situation."" But people like her were drowned out by the hordes proclaiming Patterson guilty. Many said it was her lies that convinced them. Some claimed the evidence showed a clear lack of empathy and concern for those who died. ""What really gave her away was wearing white pants when she had 'gastro' and needed to go to hospital for it!"" one person posted, referring to CCTV footage of her movements in the days after the lunch, which was played at the trial.

Watch: CCTV and audio shown to court in mushroom trial

Already, the case has inspired a television special, a silver screen drama series, a bevy of podcasts, several documentaries and a handful of books. ""It has those typical cliché things that make true crime sell,"" Ms Egglestone said, explaining why she and flocks of others have become obsessed with the case. ""Poison's the weapon, the fact that she did take out family members... [she's] white, female, financially stable, you know. And they're all church people."" For David Peters, the seemingly benign circumstances surrounding the crime – and the fact it was in his local area – drew him in: ""The fact that it was a family sitting down to do something you would consider to be safe - have a meal - and then the consequences of that meal..."" Several people tell the BBC the case reminds them of the frenzy over Lindy Chamberlain's notorious trial in 1982. She was falsely convicted of murder after her infant daughter Azaria was taken from an outback campsite by a dingo. It's no coincidence that both of those cases centre around women, criminology researcher Brandy Cochrane tells the BBC. The world has long been fascinated by women who kill – in no small part because it contradicts their traditional ""caring"" gender role, they explain. Those stereotypes also cast a shadow on Patterson's time in court.

EPA",https://www.bbc.com/news/articles/c0m8glx2zleo,2025-07-13 12:47:38.133722,[]
CNN,Timeline: Trump’s global tariff rollout,"CNN —

President Donald Trump has repeatedly said the word “tariffs” is one of his favorite and one of the most beautiful. He’s made that abundantly clear over the past few months by enacting sweeping tariffs on all America’s trading partners, levying higher import taxes on specific products, and threatening yet more action.

For those keeping score – or at least attempting to – you’ll quickly learn that no tariff is set in stone. At the flick of a switch, Trump has significantly dialed up and down tariffs – both ones in place and ones he’s threatened.

But Trump’s ability to continue minting tariffs faces a crucial test after landmark rulings by the Court of International Trade, which the administration is appealing.

Where do tariffs stand now and how did we get here? Keep scrolling to find out.",https://www.cnn.com/business/tariffs-trump-timeline-dg,2025-06-01 07:00:03.412000+00:00,[]
CNN,Air India crash report answers one question – and raises many more,"CNN —

An official report on the world’s deadliest aviation accident in a decade has answered one key question – but raised others.

Air India flight AI171 had barely left the runway last month when it lost momentum and crashed in a densely populated area of India’s western city of Ahmedabad, killing all but one of the 242 people on board and 19 others on the ground.

Now, a preliminary report by India’s Aircraft Accident Investigation Bureau (AAIB) has revealed that fuel supply to both engines was cut in the crucial minutes as the aircraft was ascending.

The plane’s “black box,” its flight data recorder, showed that the aircraft had reached an airspeed of 180 knots when both engines’ fuel switches were “transitioned from RUN to CUTOFF position one,” the report says. The switches were flipped within a second of each other, halting the flow of fuel.

On an audio recording from the black box, mentioned in the report, one of the pilots is heard asking the other why he flipped the switches. The other pilot responds that he did not do so. The report does not specify who was the pilot and who was the co-pilot in the dialogue.

Seconds later, the switches on the Boeing 787 Dreamliner were flipped the other way to turn the fuel supply back on. Both engines were able to relight, and one began to “progress to recovery,” the report said, but it was too late to stop the plane’s gut-wrenching descent.

The report reveals the fundamental reason why the jet crashed, but much remains unexplained.

Kalpeshbhqi Patni cries out as he waits outside a hospital in Ahmedabad, India, on Friday, June 13. His brother Akash died in the plane that crashed there the previous day. Adnan Abidi/Reuters Security personnel walk near damaged buildings at the crash site on Friday. Adnan Abidi/Reuters Indian Prime Minister Narendra Modi visits the crash site on Friday. Press Information Bureau/Anadolu/Getty Images Hospital staff load the body of a plane crash victim into a vehicle at the Civil Hospital in Ahmedabad on Friday. Amit Dave/Reuters People gather near the site of the crash on Thursday, June 12. Amit Dave/Reuters Search-and-recovery teams work through the rubble on Thursday evening. Ajit Solanki/AP Security guards stand at the crash site. Elke Scholiers/Getty Images The interior of the building where the plane crash-landed. Ajit Solanki/AP Health officials wait to take DNA samples from the family members of plane crash victims on Thursday. Adnan Abidi/Reuters Dabu Patni cries upon learning that her brother Akash was aboard the plane that crashed. Amit Dave/Reuters Rescue officials work at the site of the crash. Sam Panthaky/AFP/Getty Images A firefighter works at the crash site. Sam Panthaky/AFP/Getty Images Thursday’s crash marks the first involving a Boeing 787 Dreamliner since the aircraft first entered into service in 2011, according to Boeing’s Statistical Summary of Commercial Jet Airplane Accidents. Amit Dave/Reuters Rescue team members work at the site of the plane crash. Amit Dave/Reuters Officials work at the crash site. Sam Panthaky/AFP/Getty Images The tail of the airplane is stuck in a building. Ajit Solanki/AP A police officer stands in front of the wreckage. Adnan Abidi/Reuters People work at the crash site. Ajit Solanki/AP Rescuers carry a victim's body. Ajit Solanki/AP People stand around the debris of the airplane. Ajit Solanki/AP In pictures: Passenger plane crashes in India Prev Next

From RUN to CUTOFF - but how?

The findings do not make clear how the fuel switches were flipped to the cutoff position during the flight, whether it was deliberate, accidental or if a technical fault was responsible.

On Boeing’s 787 Dreamliners, the fuel switches are between the two pilots’ seats, immediately behind the plane’s throttle levers. They are protected on the sides by a metal bar.

The switches require an operator to physically lift the switch handle up and over a detent – a catch – as they are deliberately designed so they can’t be knocked accidentally.

Geoffrey Dell, an air safety specialist who has conducted numerous aircraft accident investigations, finds it hard to see how both switches could have been flipped in error.

“It’s at least a two-action process for each one,” he told CNN. “You’ve got to pull the switch out towards you and then push it down. It’s not the sort of thing you can do inadvertently.”

According to Dell, it would be “bizarre” for a pilot to deliberately cut fuel to both engines immediately after take-off.

There is “no scenario on the planet where you’d do that immediately after lift-off,” he said.

Pointing to the fact that both engine switches were flipped within a second of each other, Dell noted: “That’s the sort of thing you do when you park the airplane at the end of the flight… You plug into the terminal and shut the engines down.”

One possibility the report raises relates to an information bulletin issued by the US Federal Aviation Administration in 2018 about “the potential disengagement of the fuel control switch locking feature.” But, given that this was not considered an unsafe condition, Air India did not carry out inspections.

Dell said an aircraft’s flight data recorder should help explain how the fuel switches were flipped in each case. However, India’s AAIB has not released a full transcript of the conversation between the two pilots. Without it, Dell says it’s difficult to understand what happened.

Rescue workers at the site where the Air India plane crashed. Amit Dave/Reuters

Former pilot Ehsan Khalid also believes that the report’s findings raised questions over the position of the vital engine fuel switches, which, he said, should be clarified by the investigators.

Speaking to Reuters, Khalid warned against pinning the blame on the pilots. “The AAIB report to me is only conclusive to say that the accident happened because both engines lost power.”

He added: “The pilots were aware that the aircraft engine power has been lost, and pilots also were aware that they did not do any action to cause this.”

A full report is not due for months and India’s Civil Aviation Minister, Ram Mohan Naidu, said: “Let’s not jump to any conclusions at this stage.”

The Air India jet took off from Ahmedabad’s Sardar Vallabhbhai Patel International Airport in India’s western state of Gujarat on June 12, bound for London Gatwick.

Air India had said 242 passengers and crew members were on board. That included 169 Indian nationals, 53 Britons, seven Portuguese and one Canadian. Everyone on board was killed, except for one passenger.

The 19 people on the ground were killed when the plane crashed into the BJ Medical College and Hospital hostel.

Air India has acknowledged that it has received the report and said it will continue cooperating with authorities in the investigation.",https://www.cnn.com/2025/07/12/india/air-india-crash-questions-intl,2025-07-12 00:00:00,[]
CNN,North Korea’s Kim Jong Un restates unconditional support for ‘all’ Russian actions in Ukraine,"CNN —

North Korean leader Kim Jong Un restated he “unconditionally” supports all Russian actions during its war in Ukraine, as he welcomed Moscow’s top diplomat to a newly built beach resort on his country’s east coast.

Kim met Foreign Minister Sergey Lavrov in the North Korean city of Wonsan, at a time when Pyongyang is being pulled deeper into the three-year conflict.

During the meeting, Kim reaffirmed his government’s commitment to “unconditionally support and encourage all measures” that Russia takes in Ukraine, the Associated Press reported, citing the official Korean Central News Agency.

Photos released by Russia’s Foreign Ministry showed the two men smiling and shaking hands, and sitting across from each other at a small circular table in the cabin of a yacht.

Lavrov’s trip comes at a crucial time for Russian-North Korean relations, with Pyongyang set to deploy an additional 25,000 to 30,000 soldiers to assist Moscow’s scaled-up assault on Ukraine, according to Ukrainian intelligence – adding to the estimated 11,000 soldiers Pyongyang sent last year.

It also comes as the United States has grown increasingly frustrated with Russia. US President Donald Trump has accused his Russian counterpart Vladimir Putin of throwing “bullsh*t” at peace talks, and pledged more support for Kyiv.

The trip could further strengthen an alliance that has the potential to reshape not only the war but the security dynamic in Asia.

Russia’s Foreign Ministry posted on X that Putin sent “his warm greetings” to Kim, “and reaffirms commitment to all the previous agreements.”

Lavrov, who arrived in North Korea Friday for a three-day visit, also met with his North Korean counterpart Choe Son Hui in Wonsan Saturday, Russia’s foreign ministry said on Telegram.

“We exchanged views on the situation surrounding the Ukrainian crisis,” Lavrov was quoted as saying by Russian state media agency TASS at a press conference following that meeting. “Our Korean friends confirmed their firm support for all the objectives of the special military operation, as well as for the actions of the Russian leadership and armed forces.”

As to what Pyongyang gets in return for such support, Robert Kelly, professor of political science at Pusan National University in South Korea, said “the real concern… is what are the North Koreans getting on the weapons of mass destruction program?”

Despite years of diplomacy and sanctions intended to stop its nuclear program, the Kim regime is thought to possess multiple nuclear weapons, as well as missiles that can potentially reach the United States.

“Are the Russians giving the North Koreans guidance technology, are they giving it warhead reentry technology, perhaps they are giving it drone technology,” Kelly told CNN’s Brian Abel.

Moscow is also likely paying the impoverished nation “at minimum a per head, a per capita, price for each North Korean soldier that’s been deployed,” Kelly said.

Sending soldiers “about whom the North Korean regime doesn’t care at all,” in exchange for extremely “valuable technological stuff from the Russians,” is a “really, really good boost for the North Koreans because they’re getting something that they can’t make locally,” he said.

At the start of his meeting with Choe, Lavrov said he hoped Russian tourists would soon be able to visit the Wonsan resort, opened last month and hailed by state media as a “national treasure-level tourism city.”

Footage circulated online on October 18, 2024, shows North Korean troops at a training range in Sergeyevka, Primorsky Krai, Russia. EyePress News/Reuters

“I am sure that Russian tourists will be increasingly eager to come here. We will do everything we can to facilitate this, creating conditions for this, including air travel,” Lavrov said, according to the Russian Foreign Ministry.

According to KCNA, Kim personally cut the ribbon on the sprawling Kalma beachside resort with waterparks, high-rise hotels, and accommodation for nearly 20,000 guests – a sweeping display of extravagance in one of the world’s most reclusive nations.

The Kalma beach resort is next to an international airport, another indication the project is aimed at attracting foreign currency.

Last year, small groups of Russian tourists visited North Korea for three-day ski holidays at Maskiryong resort, which has been a long-standing tourist attraction since its opening in December 2013.

﻿Lavrov departed North Korea Sunday and arrived in China, where he will take part in a meeting of foreign ministers from the Shanghai Cooperation Organisation member states, Russia’s foreign ministry said.

Integrated into Russia’s war

Despite sustaining heavy battlefield losses, North Korea has become increasingly integrated into Russia’s war. An estimated 4,000 North Korean soldiers have been killed or wounded in Russia, according to Western officials.

On the ground in the Russian border region of Kursk, where North Korean soldiers helped repel Ukraine’s incursion last year, the reclusive state’s soldiers are reportedly living in dugouts, fighting – and dying – alongside Russian troops.

Satellite images obtained by CNN showed cargo planes and troop transport ships moving between North Korea and Russia, hinting at major military logistics underway.

Facing shortages on the front line, even as its own factories work round-the-clock, Russia has become reliant on North Korea for additional weaponry.

Training manuals for North Korean artillery have been translated into Russian, in a sign of both the ubiquity of the weapons and the increasing interoperability between Moscow’s and Pyongyang’s armed forces. A report from 11 UN member states last month said that Pyongyang sent at least 100 ballistic missiles and 9 million artillery shells to Russia in 2024.

Russia has intensified its aerial assaults on Ukraine in recent weeks, launching more than 3,000 drones and missiles over the past seven days alone. However, Ukrainian President Volodymyr Zelensky said Sunday that Ukraine’s air defenses were “performing well.”

He said Ukraine’s Interceptor drones were performing particularly well, with hundreds of Russian-Iranian Shahed drones shot down over the past week.

Nine people in total have been killed in Ukraine over the past 24 hours, with a further 23 injured, according to Ukrainian authorities.",https://www.cnn.com/2025/07/11/asia/russia-north-korea-lavrov-ukraine-intl-hnk,2025-07-11 00:00:00,[]
CNN,Wimbledon final highlights: Iga Świątek beats American Amanda Anisimova in dominant fashion,"Iga Świątek celebrates after winning her first Wimbledon title. Clive Brunskill/Getty Images

After two weeks of exceptional tennis from both Iga Świątek and Amanda Anisimova, today’s women’s singles final was over before it even really began.

It took just 57 minutes for Świątek to dispatch her American opponent. The world No. 4 did not drop a single game on her way to lifting the Venus Rosewater Dish.

Anisimova — who has one of the best returns on the WTA Tour — had no reply for the Polish star’s dominance when serving. The American forced deuce once in the second set but failed to muster a single break point throughout.

But it was on her own serve that the 23-year-old really lost the match. She won just 26% of her first-serve points and double-faulted five times. Alongside that, she committed 28 unforced errors.

At times, it was a difficult watch at the All England Lawn Tennis Club. It was easy to tell which player had experience in grand slam finals. Świątek’s poise contrasted starkly with Anisimova’s increasing frustration.

Amanda Anisimova appears dejected during the second set Saturday. Hannah Peters/Getty Images

During the second set, the American had opportunities to win her first game but ended up letting out a scream when that chance eluded her again.

For its part, the crowd at Centre Court got behind the struggling world No. 12, both during the match and afterward when she gave an emotional on-court interview.

Anisimova’s fellow American tennis star Coco Gauff was also quick to offer her support, writing in a post on X: “keep your head up.”

so much to be proud of Amanda❤️❤️❤️ keep your head up 👑 — Coco Gauff (@CocoGauff) July 12, 2025

But it was Świątek’s day. The 24-year-old displayed her impressive forehand once again to round out a tournament in which she has far outperformed her previous self — she had only made it as far as the quarterfinals before this year.

The world No. 4 hit three aces, won 72% of her first-serve points and converted 67% of her break points. But, in truth, it was her ability to stay in rallies and wait for Anisimova’s errors that proved most decisive.

Świątek now has a Wimbledon title to add to her 2022 US Open win, and the four she has claimed at Roland Garros. The feat sees her become the eighth woman in the Open Era to win grand slam singles titles on all three surfaces, according to Opta.",https://www.cnn.com/sport/live-news/wimbledon-final-womens-25-07-12-spt,2025-07-12 14:00:35.750000+00:00,[]
CNN,Krypto: The real-life inspiration behind Superman’s canine,"CNN —

Man’s best (super)friend has prime placement in the new “Superman” movie, and the pooch’s path to the cinematic spotlight may be worth a movie itself.

Krypto is a CGI flying white mutt who dons a red cape to match the Man of Steel’s. The unruly dog – who first appeared in DC Comics way back in 1955 – comes in handy at several pivotal moments throughout the movie, in spite his lack of obedience and training.

Here are the most surprising and sweet things to know about the furry scene stealer.

James Gunn’s actual rescue dog served as the 3D model for Krypto

The film’s director James Gunn previously announced that Krypto would be inspired by his real-life rescue dog, Ozu. More recently, Gunn told The New York Times that his greyish pup became the physical model for the computer-generated super-pet. The process, which Gunn said Ozu “despised,” required the dog to perch on a table surrounded by cameras capturing angles of him from all sides to create a 3D image.

Gunn said he worked with three visual effects companies to develop and fine-tune Krypto, including a team that created Rocket Raccoon from the “Guardians of the Galaxy” films. He also used his own personal pet videos of Ozu playing with his cat as the basis for some of Krypto’s movements onscreen.

James Gunn announced plans to use his dog, rescued from a hoarding situation, as Krypto in the new ‘Superman’ movie. From James Gunn/X

“I have tons of videos of them playing,” the director told the Times. “In fact, when Krypto is jumping on Superman at the beginning of the movie, that’s all based on footage of him playing with my cat.”

Krypto isn’t what you’d necessarily call a ‘good dog’ – but it’s not a bad thing

Ozu “came from a hoarding situation in a backyard with 60 other dogs & never knew human beings,” Gunn shared in a social media post. The director said at first his dog “was problematic to say the least.”

“He immediately came in & destroyed our home, our shoes, our furniture - he even ate my laptop,” Gunn wrote. “It took a long time before he would even let us touch him.”

He also wrote that he had adopted Ozu shortly after he had started writing the script for “Superman,” which was how the dog made its way into the story.

“I remember thinking, ‘Gosh, how difficult would life be if Ozu had superpowers?’ - and thus Krypto came into the script & changed the shape of the story as Ozu was changing my life,” Gunn wrote in his post.

Krypto maintains the decidedly unruly nature of the dog upon which he is based, a funny foil to Superman’s (played by David Corenswet) kind and composed comportment.

In the end, the “not-so-good-good-boy” – as Gunn described him – truly earns the distinction of superhero in his own right.

This isn’t the last time we’ll be seeing Krypto on the silver screen

Toward the end of the film, we learn that Superman’s cousin Kara Zor-El – yes, Supergirl, as played by “Sirens” star Milly Alcock – is the actual owner of the Krypto. In the movie, Supergirl is a bit of a party girl who asked her cousin to watch over her dog while she was off catching a buzz in outer space.

But it seems both she and her beloved pet will be back, since Alcock is slated to star in a feature-length “Supergirl” film out next year. The movie is currently listed as being in post production on IMDb.

“Superman” is in theaters now. The film is distributed by Warner Bros. Pictures, which is owned by CNN’s parent company.",https://www.cnn.com/2025/07/12/entertainment/superman-krypto-dog,2025-07-12 00:00:00,[]
CNN,Lisa Rinna makes the case for party wigs at fashion week,"Editor’s Note: Featuring the good, the bad and the ugly, ‘Look of the Week’ is a regular series dedicated to unpacking the most talked about outfit of the last seven days.

CNN —

Superfans of Lisa Rinna may have spotted The Real Housewives of Beverly Hills breakout star around Paris this week — though her signature honey blonde spiky bob was noticeably absent. Instead, Rinna attended the Haute Couture shows wearing a rotation of wigs, ranging from an inky black bowl-cut worn with a blue Balenciaga sports jacket for Demna’s final couture collection for the brand, to a towering, lilac-colored beehive for the Viktor & Rolf show.

Both looks were created by Johan Hellstrom, hairstylist to the stars and owner of Swedish haircare brand Björn Axén. Each wig, according to Hellstrom’s Instagram Stories, was painstakingly applied to Rinna’s head with extreme precision by two people. If you weren’t familiar with Rinna’s vast following (3.7 million on Instagram alone) and reality TV notoriety, you might think she was going undercover — keen to be disguised. In reality, her wigs are a way of capturing as many eyes as possible.

Already, the internet has started to poke fun at Rinna’s looks (“It’s giving Bob from Beetlejuice,” wrote one TikTok user under a video of the star on the front row, posted by French celebrity title Gala). But if fashion is about creative expression and individuality, particularly in the context of couture — which represents the highest level of customization and artistry — should more people be completing their outfits this way?

Over the years, A-lister sightings at couture week have included Doja Cat painted red and embellished with 30,000 Swarovski crystals, and Kylie Jenner sporting a faux, lifesize lion’s head on her shoulder. On Monday, Cardi B brought a live crow with her to the Schiaparelli show. But despite these dramatic displays of surrealist fashion, something much more simple — a wacky or vibrantly colored wig — is surprisingly rare. So much so that Rinna’s are often headline-grabbing. Her past looks have featured a bowl cut reminiscent of the ‘80s, which she sported at Paris Fashion Week in 2023, a Marilyn Monroe-style blonde blowout, and a firetruck red pixie cut. “I’ve had such a ball doing that kind of stuff,” she told Bravo of her eccentric hairstyles in 2023.

Lisa Rinna opted for a tall, lilac-colored wig at the Viktor & Rolf show during Paris Haute Couture Week. Christian Vierig/Getty Images

Earlier that day, Rinna was spotted in another bowl-cut wig for the Balenciaga couture show. Marc Piasecki/WireImage/Getty Images

Fashion designers are equally familiar with the power of a synthetic wig. For Jeremy Scott’s New York Fashion Week show in 2018, models including Gigi Hadid and Stella Maxwell wore choppy blunt bobs in rose pink, baby blue and fluorescent yellow. At Anna Sui’s show a year later, Bella Hadid strutted down the runway in a spiky fuchsia mullet, while Kaia Gerber had a bruised blueish one to match. More recently, Rei Kawakubo at Comme des Garçons flipped the material capabilities of wigs with solid plastic ‘dos that sat on the head like a helmet. At the JW Anderson show in 2024, tightly curled mops in stone grey completed the narrative of the nosy neighbour of a bygone era.

Wigs have a long history dating back to ancient civilizations. Both men and women in ancient Egypt wore wigs, often made of human hair or plant fibers, as they served as symbols of status and subsequently protected those with shaved heads from the sun. For centuries, they’ve also been present in African and Black communities, where they have been worn for various complex reasons ranging from cultural expression and hair protection to navigating Eurocentric beauty standards.

Gigi Hadid walked the runway for Jeremy Scott during New York Fashion Week in 2018 wearing a choppy pink synthetic wig. Frazer Harrison/Getty Images

At the Anna Sui show in 2019, looks were completed with back-combed mullet wigs. Mike Coppola/Getty Images

However, at fashion week, the use of wigs appears to be entirely decorative and avant-garde, the way a party wig exists in the same camp as a set of press-on nails or a quirky bag. It’s a finishing touch, an accessory that adds to the character embodiment.

Of course, it doesn’t make sense for all attendees. The editors, buyers and stylists attending fashion weeks tend to have a stacked agenda, with plenty of work to do. Their attire, then, must serve the purpose of comfort and professionalism. But for the exceptional few, such as Rinna, their goal is to be photographed — and for those photographs to be as widely circulated as possible. With the most outlandish looks receiving attention in the digital age, it may be why some attendees opt for the most eye-catching, sometimes head-scratching styles. And how better to stand out than with a statement-making wig? Even those with little interest in fashion will know through the medium of fancy dress parties that fake hair is the crowning feature on any committed costume.",https://www.cnn.com/2025/07/10/style/lisa-rinna-paris-couture-wigs,2025-07-10 00:00:00,[]
CNN,Ireland’s Tuam babies: Excavation of mass grave of 800 children begins,"Tuam, Ireland CNN —

When Annette McKay’s first grandson was born, she thought her mother, Maggie O’Connor, would be over the moon. She had become a great-grandmother.

Instead, McKay found her sobbing unconsolably outside her home, crying: “It’s the baby, the baby.”

McKay reassured her 70-year-old mother that her great-grandson was healthy. But O’Connor wasn’t talking about him.

“Not your baby, my baby,” O’Connor said, revealing a secret she had buried for decades. Her first child, Mary Margaret, died in June 1943, at just 6 months old.

It was the first and only time that O’Connor spoke about Mary Margaret, or her experience in St. Mary’s Home – a so-called mother and baby home in the town of Tuam, in western Ireland’s County Galway.

The Tuam institution was one of dozens of “homes” where pregnant girls and unmarried women were sent to give birth in secret for much of the 20th century. Women were often forcibly separated from their children. Some infants were rehomed, in Ireland, the United Kingdom or as far away as the United States, Canada and Australia, but hundreds died and their remains discarded – their mothers often never knowing what truly happened to their babies.

On Monday, a team of Irish and international forensic experts will break ground at a mass grave site in Tuam, believed to contain the remains of 796 children, as they begin a two-year excavation.

From 1922 to 1998, the Catholic Church and the Irish State established a profoundly misogynistic network of institutions that targeted and penalized unmarried women. It created a culture of containment that touched all aspects of society. Irish attitudes have since changed. But the shame, secrecy and social ostracization that the system created left a lasting scar.

“In this twisted, authoritarian world, sex was the biggest sin for women, not for the men,” McKay told CNN.

“Women who had this visible sign of sex – a pregnancy of ‘indulging in a sin’ – were ‘disappeared’ from the parish, behind high walls at the end of a town,” she said.

Maggie O'Connor survived St. Mary's Home in Tuam. Her daughter, Mary Margaret, was among nearly 800 children who died there. Kara Fox/CNN

Annette McKay says she won't have her mother's name engraved on her headstone until she can reunite her with Mary Margaret. Kara Fox/CNN

O’Connor was sent to the Tuam home as a pregnant 17-year-old after she was raped by the caretaker of the industrial school she grew up in, McKay said.

Inside the home, mothers and babies were separated from one another. Many women were eventually sent to Magdalene Laundries, Catholic-run workhouses where they were detained as unpaid workers. Their babies were then either fostered or adopted by married families, further institutionalized in industrial schools or “care” facilities for disabled people, or illegally adopted and trafficked outside of Ireland to countries including the United States, where, from the 1940s until the 1970s, more than 2,000 children were sent, according to the Clann Project.

But many of those babies never survived life outside of their walls: at least 9,000 infants and children died in these institutions, including the Tuam home.

O’Connor, who was sent to another industrial school after Mary Margaret was born, only learned her daughter had died while she was hanging laundry six months later.

“‘The child of your sin is dead,’” the nuns told her, McKay said, “as if it was nothing.”

O’Connor eventually moved to England, where she raised six other children and lived a life that, on the surface, appeared glamorous, McKay said. But the horrors of the Tuam home never left her.

McKay mourned the sister she never met, but found solace envisioning a tiny grave in the Irish countryside where Mary Margaret might be buried.

But in 2014, that bucolic vision was shattered after she opened an English newspaper that read: “Mass septic tank grave ‘containing the skeletons of 800 babies’ at site of Irish home for unmarried mothers.”

It was the work of a local Tuam historian, Catherine Corless, that had revealed that 796 babies had died at Tuam without burial records and that they had been placed in a decommissioned sewage tank.

Authorities initially refused to engage with Corless’ findings and dismissed her work altogether. The Sisters of Bon Secours – the nuns who ran the home from 1925 to 1961 – hired a consulting company that denied a mass grave altogether, saying there was no evidence children had been buried there.

But Corless, mother and baby home survivors, and family members never stopped campaigning for the Tuam babies and their mothers.

And it worked.

Local historian Catherine Corless sits with the clay model she made of the Tuam institution in her kitchen in rural County Galway. Corless said the start of the excavation has provided a sense of “relief.” Kara Fox/CNN

In 2015, the Irish government set up an investigation into 14 mother and baby homes and four county homes, which found “significant quantities” of human remains on the Tuam site. The inquiry found an “appalling level of infant mortality” in the institutions and said that no alarm was raised by the state over them, even though it was “known to local and national authorities” and “recorded in official publications.”

Prior to 1960, mother and baby homes “did not save the lives of ‘illegitimate’ children; in fact, they appear to have significantly reduced their prospects of survival,” it said. The state inquiry led to a formal government apology in 2021, the announcement of a redress scheme and an apology from the Sisters of Bon Secours.

Although many family members and survivors feel that the government’s response has been inadequate and that they are still not being treated with the respect and dignity that they deserve, at Tuam there is now a general sense of relief.

For the next two years, forensic experts will work at the Tuam site to excavate and analyze children’s remains.

A memorial at the former site of the Tuam home, seen here in 2019, is now closed to the public as the excavation of the babies' remains begins on July 14. Kara Fox/CNN

Photos of the septic tank chambers, published in Catherine Corless' article revealing her research to the world in 2014. Kara Fox/CNN

The site of the former Tuam home has been sealed off as the ODAIT office begins what is anticipated to be a 2-year project to recover, analyze and memoralize any human remains recovered there. Kara Fox/CNN

Niamh McCullagh, a forensic archaeologist working with the Office of the Director of Authorised Intervention, Tuam (ODAIT), an independent body overseeing the project, said that a “test excavation” on site discovered 20 chambers in a disused sewage tank that contained infant remains ranging from 35 weeks to three years in age at the time of death.

McCullagh told CNN that if forensic specialists uncover evidence that any of the children died unlawfully, they will inform the coroner, who will then notify police.

“The potential is there for sure, you can see that on the death register,” she said.

But she warned that identifying the remains and their cause of death comes with challenges, due to the fragmented nature of the remains, the amount of time that has passed and the lack of complete DNA samples from potential relatives.

“The awful truth about infants is that they have to live with an illness long enough for it to impact their bone… so they don’t often live long enough for some diseases to impact their bone. It’s not a pretty story, but it’s the truth,” she said.

Standing in front of the site where her two brothers, John and William, were born, Anna Corrigan, a 70-year-old from Dublin, told CNN that she was hopeful the exhumation would bring justice and closure.

“They didn’t have dignity in life. They didn’t have dignity in death. They were denied every human right,” said Corrigan, who was raised as an only child. It was only in 2012, after her mother Bridget died, that she found out about her brothers born at Tuam while researching her mother’s early life at an industrial school.

Corrigan’s brother John weighed 8-and-a-half pounds at birth in February 1946. But a report by authorities on conditions at the home, issued just months after his mother left, painted a grim picture of the reality for those inside, describing them as: “Miserable, emaciated with a voracious appetite” and “no control over bodily functions, probably mentally defective.”

There were 271 children living at the home at the time, according to the report. Of the 31 infants, 12 were described as “poor babies, emaciated, not thriving.”

John died from measles when he was 13 months old, according to his death certificate. While she has hope that her brother Will was adopted to North America and might still be alive, Corrigan believes John is buried in the mass grave.

Anna Corrigan, whose brothers were born in the former Tuam mother and baby home, stands at a graveyard located just three minutes from the site. ""There was this graveyard here always,"" she said, adding: ""But instead, they threw them in a septic tank."" Kara Fox/CNN

‘It could have been me’

On Tuesday, relatives and survivors gathered at the site to hear from experts on the next steps.

“It could have been me. Every one of us who survived there were only a hair’s breadth from being down in the septic tanks,” survivor Teresa O’Sullivan told CNN.

O’Sullivan was born at the home in 1957 to a teenage mother who told her she never stopped looking for her, despite the nuns telling her that “she had messed up her own life” and that her child had been sent to America. They only reconnected when O’Sullivan was in her 30s.

More recently she has also found a brother from her father’s side, who was with O’Sullivan to support her as the excavation got under way.

“We were beside them. They were in the rooms with us, they were in the building with us,” O’Sullivan said of those babies whose bodies ended up in the septic tank.

“We’ve got to get them out of there,” she said.

CNN’s Donie O’Sullivan and William Bonnett contributed to this report.",https://www.cnn.com/2025/07/13/europe/ireland-tuam-mother-and-baby-home-excavation-intl,2025-07-13 00:00:00,[]
CNN,Ireland’s Tuam babies: Excavation of mass grave of 800 children begins,"Tuam, Ireland CNN —

When Annette McKay’s first grandson was born, she thought her mother, Maggie O’Connor, would be over the moon. She had become a great-grandmother.

Instead, McKay found her sobbing unconsolably outside her home, crying: “It’s the baby, the baby.”

McKay reassured her 70-year-old mother that her great-grandson was healthy. But O’Connor wasn’t talking about him.

“Not your baby, my baby,” O’Connor said, revealing a secret she had buried for decades. Her first child, Mary Margaret, died in June 1943, at just 6 months old.

It was the first and only time that O’Connor spoke about Mary Margaret, or her experience in St. Mary’s Home – a so-called mother and baby home in the town of Tuam, in western Ireland’s County Galway.

The Tuam institution was one of dozens of “homes” where pregnant girls and unmarried women were sent to give birth in secret for much of the 20th century. Women were often forcibly separated from their children. Some infants were rehomed, in Ireland, the United Kingdom or as far away as the United States, Canada and Australia, but hundreds died and their remains discarded – their mothers often never knowing what truly happened to their babies.

On Monday, a team of Irish and international forensic experts will break ground at a mass grave site in Tuam, believed to contain the remains of 796 children, as they begin a two-year excavation.

From 1922 to 1998, the Catholic Church and the Irish State established a profoundly misogynistic network of institutions that targeted and penalized unmarried women. It created a culture of containment that touched all aspects of society. Irish attitudes have since changed. But the shame, secrecy and social ostracization that the system created left a lasting scar.

“In this twisted, authoritarian world, sex was the biggest sin for women, not for the men,” McKay told CNN.

“Women who had this visible sign of sex – a pregnancy of ‘indulging in a sin’ – were ‘disappeared’ from the parish, behind high walls at the end of a town,” she said.

Maggie O'Connor survived St. Mary's Home in Tuam. Her daughter, Mary Margaret, was among nearly 800 children who died there. Kara Fox/CNN

Annette McKay says she won't have her mother's name engraved on her headstone until she can reunite her with Mary Margaret. Kara Fox/CNN

O’Connor was sent to the Tuam home as a pregnant 17-year-old after she was raped by the caretaker of the industrial school she grew up in, McKay said.

Inside the home, mothers and babies were separated from one another. Many women were eventually sent to Magdalene Laundries, Catholic-run workhouses where they were detained as unpaid workers. Their babies were then either fostered or adopted by married families, further institutionalized in industrial schools or “care” facilities for disabled people, or illegally adopted and trafficked outside of Ireland to countries including the United States, where, from the 1940s until the 1970s, more than 2,000 children were sent, according to the Clann Project.

But many of those babies never survived life outside of their walls: at least 9,000 infants and children died in these institutions, including the Tuam home.

O’Connor, who was sent to another industrial school after Mary Margaret was born, only learned her daughter had died while she was hanging laundry six months later.

“‘The child of your sin is dead,’” the nuns told her, McKay said, “as if it was nothing.”

O’Connor eventually moved to England, where she raised six other children and lived a life that, on the surface, appeared glamorous, McKay said. But the horrors of the Tuam home never left her.

McKay mourned the sister she never met, but found solace envisioning a tiny grave in the Irish countryside where Mary Margaret might be buried.

But in 2014, that bucolic vision was shattered after she opened an English newspaper that read: “Mass septic tank grave ‘containing the skeletons of 800 babies’ at site of Irish home for unmarried mothers.”

It was the work of a local Tuam historian, Catherine Corless, that had revealed that 796 babies had died at Tuam without burial records and that they had been placed in a decommissioned sewage tank.

Authorities initially refused to engage with Corless’ findings and dismissed her work altogether. The Sisters of Bon Secours – the nuns who ran the home from 1925 to 1961 – hired a consulting company that denied a mass grave altogether, saying there was no evidence children had been buried there.

But Corless, mother and baby home survivors, and family members never stopped campaigning for the Tuam babies and their mothers.

And it worked.

Local historian Catherine Corless sits with the clay model she made of the Tuam institution in her kitchen in rural County Galway. Corless said the start of the excavation has provided a sense of “relief.” Kara Fox/CNN

In 2015, the Irish government set up an investigation into 14 mother and baby homes and four county homes, which found “significant quantities” of human remains on the Tuam site. The inquiry found an “appalling level of infant mortality” in the institutions and said that no alarm was raised by the state over them, even though it was “known to local and national authorities” and “recorded in official publications.”

Prior to 1960, mother and baby homes “did not save the lives of ‘illegitimate’ children; in fact, they appear to have significantly reduced their prospects of survival,” it said. The state inquiry led to a formal government apology in 2021, the announcement of a redress scheme and an apology from the Sisters of Bon Secours.

Although many family members and survivors feel that the government’s response has been inadequate and that they are still not being treated with the respect and dignity that they deserve, at Tuam there is now a general sense of relief.

For the next two years, forensic experts will work at the Tuam site to excavate and analyze children’s remains.

A memorial at the former site of the Tuam home, seen here in 2019, is now closed to the public as the excavation of the babies' remains begins on July 14. Kara Fox/CNN

Photos of the septic tank chambers, published in Catherine Corless' article revealing her research to the world in 2014. Kara Fox/CNN

The site of the former Tuam home has been sealed off as the ODAIT office begins what is anticipated to be a 2-year project to recover, analyze and memoralize any human remains recovered there. Kara Fox/CNN

Niamh McCullagh, a forensic archaeologist working with the Office of the Director of Authorised Intervention, Tuam (ODAIT), an independent body overseeing the project, said that a “test excavation” on site discovered 20 chambers in a disused sewage tank that contained infant remains ranging from 35 weeks to three years in age at the time of death.

McCullagh told CNN that if forensic specialists uncover evidence that any of the children died unlawfully, they will inform the coroner, who will then notify police.

“The potential is there for sure, you can see that on the death register,” she said.

But she warned that identifying the remains and their cause of death comes with challenges, due to the fragmented nature of the remains, the amount of time that has passed and the lack of complete DNA samples from potential relatives.

“The awful truth about infants is that they have to live with an illness long enough for it to impact their bone… so they don’t often live long enough for some diseases to impact their bone. It’s not a pretty story, but it’s the truth,” she said.

Standing in front of the site where her two brothers, John and William, were born, Anna Corrigan, a 70-year-old from Dublin, told CNN that she was hopeful the exhumation would bring justice and closure.

“They didn’t have dignity in life. They didn’t have dignity in death. They were denied every human right,” said Corrigan, who was raised as an only child. It was only in 2012, after her mother Bridget died, that she found out about her brothers born at Tuam while researching her mother’s early life at an industrial school.

Corrigan’s brother John weighed 8-and-a-half pounds at birth in February 1946. But a report by authorities on conditions at the home, issued just months after his mother left, painted a grim picture of the reality for those inside, describing them as: “Miserable, emaciated with a voracious appetite” and “no control over bodily functions, probably mentally defective.”

There were 271 children living at the home at the time, according to the report. Of the 31 infants, 12 were described as “poor babies, emaciated, not thriving.”

John died from measles when he was 13 months old, according to his death certificate. While she has hope that her brother Will was adopted to North America and might still be alive, Corrigan believes John is buried in the mass grave.

Anna Corrigan, whose brothers were born in the former Tuam mother and baby home, stands at a graveyard located just three minutes from the site. ""There was this graveyard here always,"" she said, adding: ""But instead, they threw them in a septic tank."" Kara Fox/CNN

‘It could have been me’

On Tuesday, relatives and survivors gathered at the site to hear from experts on the next steps.

“It could have been me. Every one of us who survived there were only a hair’s breadth from being down in the septic tanks,” survivor Teresa O’Sullivan told CNN.

O’Sullivan was born at the home in 1957 to a teenage mother who told her she never stopped looking for her, despite the nuns telling her that “she had messed up her own life” and that her child had been sent to America. They only reconnected when O’Sullivan was in her 30s.

More recently she has also found a brother from her father’s side, who was with O’Sullivan to support her as the excavation got under way.

“We were beside them. They were in the rooms with us, they were in the building with us,” O’Sullivan said of those babies whose bodies ended up in the septic tank.

“We’ve got to get them out of there,” she said.

CNN’s Donie O’Sullivan and William Bonnett contributed to this report.",https://www.cnn.com/2025/07/13/europe/ireland-tuam-mother-and-baby-home-excavation-intl,2025-07-13 00:00:00,[]
CNN,Ukraine says it killed Russian agents suspected of assassinating intelligence officer,"CNN —

Ukraine’s Security Service said Sunday they had killed Russian special service agents suspected of gunning down a fellow officer in Kyiv earlier this week, saying it believed Russia’s Federal Security Service was responsible.

SBU officer Ivan Voronych was shot dead in Kyiv on Thursday morning in what authorities told CNN was an apparent assassination.

The suspects - a man and a woman - tried to “lay low” after the shooting, the SBU said in a statement Sunday.

However, SBU and National Police officers established their whereabouts in the Kyiv region, the statement added.

The head of the SBU, Vasyl Malyuk, said; “As a result of covert investigative and active counterintelligence measures, the enemy’s lair was discovered.”

He continued, “During their arrest, they began to resist, there was an exchange of fire, and the scoundrels were eliminated.”

“I want to remind you that the only prospect for the enemy on the territory of Ukraine is death!” he said in a video, which was apparently filmed in front of the suspect’s bodies.

According to the SBU, the two had been ordered to trail their target to establish his daily routine. They were then directed to a safe house where a pistol with a silencer was waiting for them.

The SBU is Ukraine’s main security service, responsible for both internal security and sabotage operations against Russia. Among others, it was responsible for Ukraine’s audacious drone attack against Russian airfields last month.

Voronych’s killing comes at a time when Russia has been escalating its attacks on Ukraine - this week saw both the largest and second largest drone attack of the conflict, now into its fourth year.",https://www.cnn.com/2025/07/13/europe/ukraine-russia-sbu-assassination-intl,2025-07-13 00:00:00,[]
CNN,Ukraine says it killed Russian agents suspected of assassinating intelligence officer,"CNN —

Ukraine’s Security Service said Sunday they had killed Russian special service agents suspected of gunning down a fellow officer in Kyiv earlier this week, saying it believed Russia’s Federal Security Service was responsible.

SBU officer Ivan Voronych was shot dead in Kyiv on Thursday morning in what authorities told CNN was an apparent assassination.

The suspects - a man and a woman - tried to “lay low” after the shooting, the SBU said in a statement Sunday.

However, SBU and National Police officers established their whereabouts in the Kyiv region, the statement added.

The head of the SBU, Vasyl Malyuk, said; “As a result of covert investigative and active counterintelligence measures, the enemy’s lair was discovered.”

He continued, “During their arrest, they began to resist, there was an exchange of fire, and the scoundrels were eliminated.”

“I want to remind you that the only prospect for the enemy on the territory of Ukraine is death!” he said in a video, which was apparently filmed in front of the suspect’s bodies.

According to the SBU, the two had been ordered to trail their target to establish his daily routine. They were then directed to a safe house where a pistol with a silencer was waiting for them.

The SBU is Ukraine’s main security service, responsible for both internal security and sabotage operations against Russia. Among others, it was responsible for Ukraine’s audacious drone attack against Russian airfields last month.

Voronych’s killing comes at a time when Russia has been escalating its attacks on Ukraine - this week saw both the largest and second largest drone attack of the conflict, now into its fourth year.",https://www.cnn.com/2025/07/13/europe/ukraine-russia-sbu-assassination-intl,2025-07-13 00:00:00,[]
